class_name,accuracy,default_confidence_P0,default_confidence_P1,frame_confidence_P0,frame_confidence_P1
front raises 134,0.86,0.45014857147872833,0.07455840094163722,0.3475584506789106,0.09840319958668493
surfing crowd 336,0.8541666666666666,0.15450924097704777,0.07560041855248922,0.5016860611538904,0.01923970886499226
presenting weather forecast 254,0.82,0.3809634801312857,0.015088090885332367,0.44389105463463974,0.1420243766858388
deadlifting 88,0.8163265306122449,0.4352533609329818,0.1337336739618304,0.34829325647811604,0.044459839043423655
pull ups 255,0.74,0.36774708276646695,0.07443457365426813,0.35188185698612884,0.07168284991600642
country line dancing 75,0.72,0.5195728624068096,0.42414127920920813,0.3164451698338528,0.012164634913377714
juggling balls 169,0.6938775510204082,0.41142058985840974,0.04520683976118345,0.3744886475597119,0.1467218043390927
snatch weight lifting 318,0.6938775510204082,0.43299692063919765,0.12390296180201803,0.36865558588531383,0.056580468876080925
crawling baby 77,0.68,0.2308628690614429,0.02457084275840876,0.3867576491533859,0.042333725383646575
clean and jerk 59,0.6326530612244898,0.5088965257056475,0.18823090162601636,0.31252076824784647,0.044033420630299254
riding mechanical bull 270,0.6326530612244898,0.3338905130760495,0.11045564395732996,0.35248725573389555,0.02362382054125582
hammer throw 148,0.62,0.36208050443432915,0.05532930963651883,0.4498206870891889,0.0722149889978054
riding or walking with horse 273,0.6041666666666666,0.3592008490597111,0.06751173999263613,0.3898285020010771,0.030781530721716986
golf driving 142,0.58,0.40854112680725896,0.07540611097628992,0.4586142049425413,0.11018787573924314
passing American football (in game) 208,0.58,0.3842804799450244,0.29202238783430506,0.43957499025595914,0.0071466268110366455
filling eyebrows 126,0.5714285714285714,0.0600151024870995,0.008546298330285243,0.8499454120418821,0.10316610187830944
shearing sheep 294,0.5714285714285714,0.24557135950588113,0.1052240800111554,0.4532110787188497,0.028737867920975987
push up 260,0.5625,0.2793415886992523,0.05086764806175945,0.40078912784278653,0.047888597716016494
skipping rope 311,0.56,0.4962393597801446,0.32142811081191497,0.32716461443340966,0.01541779227140047
golf putting 143,0.5510204081632653,0.38655792995256844,0.0738288425272436,0.5394068388919806,0.09472225796532856
spinning poi 326,0.5510204081632653,0.26095438131305987,0.03365613235833969,0.5599719124076441,0.0983387761257055
skiing slalom 310,0.54,0.3362599259537965,0.03558783298463396,0.5801814262817024,0.06440641551576673
playing tennis 246,0.5306122448979592,0.42172585577273547,0.07467848510423508,0.4442695045700035,0.09055095003891074
dribbling basketball 99,0.52,0.49350103992374783,0.12219946644906875,0.3306006511089889,0.06859751470297569
news anchoring 202,0.52,0.3189213796071788,0.12213719089863431,0.42483733016587927,0.07654570517709534
swimming backstroke 339,0.52,0.1596347701533192,0.06557521202445973,0.6991102118621906,0.05305641067954382
arm wrestling 6,0.5102040816326531,0.23992060656367556,0.14824875351354913,0.38073346795512,0.012994268136241167
playing squash or racquetball 245,0.5,0.4772771486233808,0.2138092220889062,0.3681009796770582,0.027210752953270446
pole vault 253,0.5,0.2876913920737765,0.14235948849374233,0.6064895773713842,0.034548928014596865
tai chi 346,0.5,0.5448939817261059,0.25051929124093614,0.317174469259146,0.049386502691918216
tapping pen 351,0.4897959183673469,0.059236062399452574,0.011965652716468947,1.0396451848031147,0.12824591728051177
hopscotch 156,0.48,0.41281712702159695,0.12760407139348637,0.3759473545080997,0.045971718014839215
playing cello 223,0.48,0.39864808552314035,0.15733690687737711,0.3354268827660103,0.05251773103020128
squat 330,0.48,0.40144033637561516,0.12489894262979094,0.34122922082394996,0.03477143262341111
throwing axe 356,0.48,0.2812490889356958,0.08468552364055273,0.5273832668123346,0.06172458069163804
massaging back 193,0.46938775510204084,0.09814277708330378,0.026554739542635927,1.0454594244195405,0.12012399520855246
playing accordion 217,0.46938775510204084,0.32101808730436177,0.10009652345232067,0.3887633343271556,0.06935657868636144
capoeira 43,0.46,0.5092184692049526,0.3993580317162812,0.32517276798189915,0.006222192237844942
marching 192,0.46,0.340166894771838,0.2652344856839987,0.4621526358446476,0.022555766013630504
roller skating 280,0.46,0.43616873411558293,0.1868770549048153,0.332489826841028,0.015507605257917575
skateboarding 306,0.46,0.37629114908133776,0.11109437449125896,0.3593939548397083,0.01856387100283439
throwing discus 358,0.46,0.3760896748662572,0.10184333453937046,0.4545438766292061,0.0686760373960853
gymnastics tumbling 147,0.4489795918367347,0.3083962406662435,0.1279335879699462,0.5189288501516564,0.03620990858954787
zumba 399,0.4444444444444444,0.5460180054388619,0.43855687132784343,0.2997963057552758,0.009589299231069982
juggling soccer ball 171,0.44,0.44434494822792875,0.06270160617047225,0.3402944106515948,0.0742384356655263
lunge 183,0.44,0.4511317078095895,0.05438166810185821,0.3968157556221424,0.10133260464997512
sled dog racing 315,0.44,0.26904816850127783,0.11314989047931466,0.5424393215414651,0.036137319572681445
sign language interpreting 303,0.4375,0.33561258973635333,0.09424222853603575,0.365335973162617,0.097971742441602
bench pressing 19,0.42,0.2664534235397225,0.0968139117389182,0.4070942350645099,0.025039508531127273
hurling (sport) 161,0.42,0.31284828942098514,0.18218877144100742,0.47349667444541427,0.01594155687490321
long jump 182,0.42,0.3756694149647362,0.24721817812678143,0.47831586108407964,0.016756116677677065
swimming butterfly stroke 341,0.42,0.12433484370887954,0.028270785916717684,0.7340242890966355,0.07494400461739514
tango dancing 348,0.42,0.4345266140229523,0.2954449000118999,0.32369676996522573,0.005500392763372391
belly dancing 18,0.40816326530612246,0.41411105302844664,0.18105743158480392,0.3356006504687027,0.038071667006798246
jumpstyle dancing 173,0.40816326530612246,0.4123044465740295,0.16545472424483337,0.35314814836594177,0.0399280171274593
playing drums 230,0.40816326530612246,0.33615318735875527,0.07994833263268196,0.338970771787622,0.06177466939082818
playing poker 242,0.40816326530612246,0.24117875546246864,0.1269072238491696,0.5891035973808768,0.048965656069743776
salsa dancing 283,0.40816326530612246,0.45596353627631747,0.3275776400469174,0.31541901293065744,0.007994790528363396
ice skating 164,0.4,0.3696785355795722,0.18309274940094836,0.38234850124107606,0.016004623942438442
shaking head 289,0.4,0.2061614775225261,0.03635297844334472,0.39054758402299317,0.05004837222307274
carrying baby 44,0.3958333333333333,0.30600417133919133,0.11416460520064499,0.3347771877930027,0.018956347985189293
running on treadmill 281,0.3958333333333333,0.2427723531771338,0.06892308050373236,0.6280359167185998,0.059400885635758814
cheerleading 55,0.3877551020408163,0.41964097014494295,0.3277185664330079,0.35343409501580325,0.008946334183577433
chopping wood 56,0.3877551020408163,0.3396845863908129,0.08174607389829078,0.4847471819554062,0.05330422240581927
krumping 179,0.3877551020408163,0.44887161562072947,0.255241822580868,0.32801693372148705,0.024713732649290294
playing ice hockey 235,0.3877551020408163,0.3727249936254481,0.20164585288776418,0.3883204049193501,0.020191251523655467
dying hair 108,0.3829787234042553,0.16200649416984655,0.023033882589490517,0.39726278172826507,0.056013557386812046
frying vegetables 135,0.38,0.06972968518057884,0.015555308364383593,1.0685344057194972,0.14145269901267937
high jump 151,0.38,0.2592957267495211,0.11706910373056144,0.7725630422336083,0.050487349710408164
hitting baseball 153,0.38,0.4493469293855969,0.1691095610091756,0.37477592697186846,0.04485561252073198
javelin throw 166,0.38,0.3459671708317954,0.14870167631679976,0.5338754458713991,0.04440724206473589
jumping into pool 172,0.38,0.22098523229477596,0.07004599334179427,0.693244906168385,0.06629842226860418
playing bass guitar 221,0.38,0.1272479992101834,0.021862837164749807,0.782760015489498,0.12951690222583093
playing clarinet 225,0.38,0.40741178358849683,0.2234676580760753,0.34127309776718867,0.04018254074252122
riding camel 268,0.38,0.35925803237236625,0.1839280720189845,0.39507386377419074,0.01296254291972151
vault 376,0.38,0.3485642083658222,0.17531525870691894,0.42105931172755307,0.01495437490310488
washing feet 380,0.38,0.27485578585439874,0.18794558509822698,0.4788754072405035,0.026510162307501535
air drumming 1,0.3673469387755102,0.2714576978762941,0.06761902752600743,0.4270068906120682,0.057593961078765736
bouncing on trampoline 30,0.36,0.3902522388276598,0.1033239023563092,0.3575841138155272,0.03454912373712357
breakdancing 34,0.36,0.4059716664027518,0.2447314590254954,0.3585666951432126,0.01493348756581879
climbing a rope 66,0.36,0.3086125722698549,0.08561713691532256,0.4015768370950852,0.037649016792816195
golf chipping 141,0.36,0.44555443141041307,0.056451337528851266,0.5766900010473738,0.139190403692824
hurdling 160,0.36,0.2658576732120879,0.1078602079189272,0.6705708900245656,0.06119660806558895
playing harp 234,0.36,0.30598115023425476,0.07644421803836425,0.3691602140176667,0.07863396039284955
shot put 298,0.36,0.43148571918371936,0.24973633075473559,0.4388796442535395,0.028720606283456514
side kick 302,0.36,0.44119361124536155,0.22465784862699895,0.44041374948866946,0.046620176571889445
blowing out candles 27,0.3469387755102041,0.27275879474711795,0.13142192669160632,0.3881303491453989,0.028296723220101738
headbanging 149,0.3469387755102041,0.186426696270428,0.07100869816433887,0.5335615684135235,0.043616648608395814
tap dancing 349,0.3469387755102041,0.5042909478435028,0.3206158301509064,0.39103838759543014,0.0299837282210717
testifying 354,0.3469387755102041,0.3253422117078356,0.18163333628093467,0.31752995620422436,0.01996200106234233
triple jump 367,0.3469387755102041,0.3646999389260634,0.22217114548985215,0.45808681357374254,0.0181272869318018
using segway 375,0.3469387755102041,0.4513905354974023,0.17364076218678312,0.319480519328165,0.03070342319899862
yoga 398,0.3469387755102041,0.34561036633423925,0.12392490595757828,0.3611687391758636,0.04136681264367688
dining 91,0.34,0.271717117549387,0.17240773868182788,0.4302500995980359,0.015825121253961395
giving or receiving award 140,0.34,0.39099406450754964,0.2713929848832015,0.3167143722327209,0.01606931693729925
jetskiing 167,0.34,0.153827377158876,0.03149594232451855,1.1043510931261016,0.12750282658323805
playing didgeridoo 229,0.34,0.39608260498450837,0.10819847016755899,0.3516852805176488,0.05608751837357495
playing kickball 237,0.34,0.40876485559675424,0.2059023430489592,0.3784565860887966,0.014413843869401801
punching bag 258,0.34,0.24074828000996856,0.04933004772559677,0.47925004445952024,0.0474740367516038
situp 305,0.34,0.31783197736146007,0.08544274489444335,0.37654117314184954,0.03737708574194137
skydiving 312,0.34,0.1597399066439407,0.05003433520137408,0.6520546080180798,0.0370322833534053
snowkiting 323,0.34,0.10640343736982312,0.0101116399922221,1.3715521567006739,0.14817666973880236
tobogganing 360,0.34,0.18721435845618464,0.050141192055388445,0.8486656591998945,0.07087619973671948
tying tie 370,0.34,0.10174583397197952,0.008309742803994054,0.8428960394470013,0.17729246982195945
playing volleyball 251,0.3333333333333333,0.4514087244020629,0.3111882990381087,0.3368897122317539,0.009336109452009892
riding a bike 267,0.3333333333333333,0.3367003469181557,0.05861813928435241,0.4293452810785695,0.053020927678060464
surfing water 337,0.3333333333333333,0.2072657374600969,0.03164375530816512,0.906751876008696,0.0904263809913136
eating spaghetti 116,0.32653061224489793,0.21878183237921145,0.0365970290965504,0.38691905115617553,0.06031776224512178
contact juggling 69,0.32,0.33774065155239613,0.060356086122135576,0.4059490499873293,0.08692974536566808
juggling fire 170,0.32,0.32835430699995,0.09337762516207428,0.42886306347731373,0.0582472716224449
playing guitar 232,0.32,0.2587972191806615,0.041626413308763204,0.4492782613191717,0.08806054611562146
ski jumping 307,0.32,0.14889298710225507,0.02089254298589292,1.1051136195371651,0.10931998533985189
bowling 31,0.30612244897959184,0.24283320810930373,0.06280559847574528,0.6189640794589104,0.06728063504071487
diving cliff 93,0.30612244897959184,0.12417541370632473,0.03145551582414791,1.0137550475524857,0.09598017753276773
hula hooping 159,0.30612244897959184,0.41428333345484575,0.10091610213455332,0.36496484741714175,0.06377539554943691
shuffling cards 301,0.30612244897959184,0.061580900188503394,0.009413651964675598,1.2174267675440258,0.15252680301251562
shaving head 292,0.3,0.21419858379356543,0.10847970128634585,0.3814341562892316,0.021695927307162504
stretching leg 334,0.3,0.3443684302832542,0.06324908091149349,0.4099665431011272,0.06934245018778569
swinging legs 343,0.3,0.37714408966499996,0.06676112738833133,0.45053504186044346,0.05152776461298394
trimming or shaving beard 365,0.3,0.15954172920056067,0.043222440452108456,0.39758425360915667,0.04268979776051154
windsurfing 393,0.3,0.15345484338033344,0.014537001534214077,1.044127720107091,0.11919168951346944
springboard diving 329,0.2916666666666667,0.20409774112170898,0.06915505425871735,0.6688012164935991,0.05215450568192184
grooming horse 146,0.2857142857142857,0.22021547594773194,0.03198940262402978,0.5299260969401047,0.064162685235854
skiing (not slalom or crosscountry) 308,0.2857142857142857,0.2616877134452226,0.04171955868670151,0.739579013221384,0.06911521978623902
slacklining 313,0.2857142857142857,0.40728011677347903,0.08658781245979214,0.41590518539903726,0.05761704327925442
archery 5,0.28,0.25736332853006383,0.0799369904800908,0.5999886273380302,0.07332602180978914
celebrating 51,0.28,0.2735341994264119,0.19575257058945367,0.42648458626692964,0.01756961683147127
jogging 168,0.28,0.3356916596417436,0.12468886937413903,0.5463996723477934,0.05296997981557106
playing badminton 218,0.28,0.48374486765452507,0.2631369786182137,0.31522704557719505,0.015329219494896787
riding elephant 269,0.28,0.26094386764264077,0.12642710396452536,0.4715134048661927,0.02417616764377706
riding unicycle 275,0.28,0.4022678062782967,0.0698047262289937,0.4543814980411259,0.06741477290979504
scuba diving 286,0.28,0.09668578610867862,0.02220514148639034,0.8011232779744242,0.07979772329792151
dancing macarena 87,0.2653061224489796,0.4277673802037112,0.310787238908285,0.3317884979608476,0.016618115899968196
playing harmonica 233,0.2653061224489796,0.25239060879446645,0.05520693743896175,0.3639864541846994,0.051742596109982004
riding mountain bike 271,0.2653061224489796,0.22875624530126776,0.03620686977853541,0.7948064893836199,0.07151643054559095
bartending 15,0.26,0.36026855102251676,0.14315615688447506,0.35028506231007167,0.038925641778244216
dancing ballet 84,0.26,0.4528975603554552,0.2775923628997015,0.37214337906586764,0.022664185217525664
finger snapping 127,0.26,0.17010355908148928,0.050594607237662986,1.0914583239270885,0.0936590494512769
making bed 186,0.26,0.24888546174446233,0.06912057765709116,0.5111311522210039,0.07444779755159
playing piano 241,0.26,0.21592751952840744,0.045283441991402405,0.6799656614035643,0.11294913373984755
dunking basketball 107,0.25,0.29132468616596663,0.12576020919610836,0.5277069811374077,0.04045203355130576
shooting goal (soccer) 297,0.24489795918367346,0.3076974532592312,0.08558134807063165,0.5785935385507655,0.0615998126829602
walking the dog 378,0.24489795918367346,0.23026543681241035,0.04745710330192535,0.5907007187936321,0.055284809551473774
busking 41,0.24,0.5139110445822074,0.3549113309278748,0.30162879132962267,0.013116042638041059
cartwheeling 45,0.24,0.2973595883811,0.07454967038611073,0.5381411376619755,0.040338437604527475
kicking field goal 174,0.24,0.2770270852480115,0.08454528320494001,0.7608169502381545,0.08021810158003058
petting cat 213,0.24,0.05348847201606772,0.006844732900158511,1.1380173997072993,0.16198098567172942
playing ukulele 249,0.24,0.27932469936147725,0.08588809449232965,0.41817947430487856,0.08248104858226629
riding scooter 274,0.24,0.33130862621073065,0.04713058728849753,0.4629415992978326,0.0683230985003031
skiing crosscountry 309,0.24,0.3206175935914859,0.08218087524326939,0.6264476823726125,0.06543940337690173
swimming breast stroke 340,0.24,0.1527767709503859,0.058247744295846636,0.6313246028073483,0.04921280779716408
exercising arm 119,0.22448979591836735,0.42769913427629325,0.045442842216562855,0.37262487079194156,0.10140433296736384
using computer 373,0.22448979591836735,0.06824979609613203,0.017351313879941613,1.5138353346739988,0.18030093559385238
auctioning 9,0.22,0.3852571983120043,0.2778829592768622,0.32002275296306487,0.004813935097249776
biking through snow 22,0.22,0.19437723624312284,0.02159572981854815,0.7530198015800015,0.09217807794710024
hockey stop 154,0.22,0.3103790133808677,0.07890430170104817,0.703081545599799,0.052054159447625425
playing saxophone 244,0.22,0.3517057475393714,0.1388093712715955,0.3476255491871321,0.044840091592351486
playing xylophone 252,0.22,0.32743988382886025,0.09670369609931782,0.3880241544931751,0.06467042489278446
pumping fist 256,0.22,0.21079901729582298,0.07498095185450743,0.4589412412591852,0.03722458667718062
pushing cart 262,0.22,0.2799815026651541,0.05948609282094414,0.4327907272301057,0.03525748196507269
stretching arm 333,0.22,0.38180208076415717,0.05631270317121423,0.40935855495751017,0.10749499872211737
tying knot (not on a tie) 369,0.22,0.05829053545652268,0.010319003592736112,1.4095811726316747,0.1976868827770448
parkour 207,0.20833333333333334,0.2749036490326372,0.052979630171808574,0.4802215394299541,0.03905500583257074
beatboxing 16,0.20408163265306123,0.23360888824211617,0.08522202859370479,0.42405286733124103,0.06603114622483695
driving tractor 104,0.20408163265306123,0.22188185974581476,0.04909405139536812,0.6812187455688188,0.07233515644127556
punching person (boxing) 259,0.20408163265306123,0.390198441543307,0.22499382199961426,0.31078586246783585,0.024029417390037406
abseiling 0,0.2,0.25378806361733586,0.05608451132101952,0.6229169068769455,0.07448571329121048
canoeing or kayaking 42,0.2,0.20612415161977524,0.03683321791817039,0.7778430789240193,0.1089326882120854
playing paintball 240,0.2,0.17286392222188943,0.05789334259251695,0.6793784143431832,0.05418911875828596
rock climbing 278,0.2,0.24328265850540323,0.054795365881113195,0.47851363985093937,0.045857331239125554
strumming guitar 335,0.2,0.14967735464505624,0.007607457896091175,0.8046013226404717,0.16983323112501966
waiting in line 377,0.2,0.29846641996261003,0.2102740611101094,0.36937672244417524,0.008883836394660576
dancing gangnam style 86,0.1875,0.41801505466423583,0.2481847253295836,0.32125953450534944,0.024037715458191868
feeding fish 124,0.1836734693877551,0.10912821988954936,0.0309939466773034,0.765804688141801,0.06423752497734461
motorcycling 199,0.1836734693877551,0.19440428337784524,0.05000857211657335,0.821220320696116,0.09088719434201042
playing cricket 227,0.1836734693877551,0.3847140432476101,0.1650900101509775,0.38173751865233585,0.03036939006529535
snowmobiling 324,0.1836734693877551,0.13881273392798082,0.020886830576103774,1.254412356222406,0.12312689270856045
water skiing 383,0.1836734693877551,0.22062357768571522,0.023332151615844742,0.8271744537228627,0.1113598741710249
building shed 39,0.18,0.21492583522422132,0.04670950425139883,0.6421937096092551,0.08075570944009217
bungee jumping 40,0.18,0.1022315564227789,0.026730264120715823,1.0476556519208409,0.0930784799982152
paragliding 205,0.18,0.11076011958657064,0.033828227263728944,1.260071589282227,0.1296381225525207
playing organ 239,0.18,0.21403239488282608,0.047782737294802674,0.5464426090668046,0.10837460221242937
playing recorder 243,0.18,0.25632995543516307,0.07100192313276468,0.41345967763808084,0.0795528518009036
playing violin 250,0.18,0.3390730379769919,0.1319970507223176,0.319372949620304,0.03917701648262184
pushing car 261,0.18,0.2813149126389044,0.07865939823160734,0.453277506667288,0.05203888935806466
robot dancing 277,0.18,0.43812524514419604,0.14232405515629343,0.32628384846103803,0.05577620364421443
tapping guitar 350,0.18,0.16446344016048337,0.016456330018915884,0.7887027800795253,0.14981592044590702
tasting beer 352,0.18,0.3060723638662139,0.17237534385942868,0.35442584609086797,0.0360787090094139
training dog 363,0.18,0.3265347395320284,0.06657680353605593,0.42437550614955594,0.046765507308000116
washing dishes 379,0.18,0.16450761873693023,0.03073665010425808,0.5977276415531233,0.07981231488111976
drop kicking 105,0.1702127659574468,0.252341781583775,0.0927488951589232,0.6121107584026119,0.03359792904957368
bending back 20,0.16666666666666666,0.20146097106704403,0.045686912459989876,0.5460309741203864,0.04001202130924328
driving car 103,0.16666666666666666,0.10462493577202062,0.02614195324876509,1.0853718503299,0.1281119928098421
milking cow 197,0.16666666666666666,0.191753710504163,0.0688371191415331,0.5304535591205641,0.04955749789809105
extinguishing fire 121,0.16326530612244897,0.21415030785350153,0.0864478932378029,0.5756618952416747,0.052209061545860753
picking fruit 214,0.16326530612244897,0.2528155271350499,0.08498760965278186,0.3891133757729365,0.020851098994438287
swinging on something 344,0.16326530612244897,0.2749626973817764,0.09176852662728795,0.5157632036201344,0.036118747801163656
arranging flowers 7,0.16,0.252695127520822,0.04160064465222747,0.509699676048145,0.07911151065963729
disc golfing 92,0.16,0.2900193020017273,0.04867349160159613,0.5968605275351512,0.10338010175148817
knitting 178,0.16,0.041859000102324004,0.007674590357565501,1.8449241416088578,0.2716496353081736
riding mule 272,0.16,0.27910728894460307,0.0819996774019743,0.4608666307863719,0.02834168731216272
sanding floor 284,0.16,0.15706524645552974,0.02442891309844395,1.0302038466778838,0.09836578191786857
scrambling eggs 285,0.16,0.057412715295140894,0.007568357675181131,1.5354097857978457,0.21447551157945943
singing 304,0.16,0.32593450124673334,0.16496940484009254,0.3708507852390787,0.04932457443119904
snorkeling 321,0.16,0.0930611936585431,0.017312727810226726,0.9062789944420648,0.087594522378312
trapezing 364,0.16,0.16601180068270216,0.041307796455788325,0.6912298385749733,0.06263529605855472
wrestling 395,0.16,0.42963822092675186,0.27514368193896865,0.3098784055973962,0.006701756961729097
writing 396,0.16,0.06973926819938515,0.019145134187516944,1.6831661932477704,0.22172068913646995
kissing 176,0.15217391304347827,0.18141884983647236,0.08933120315811352,0.39775508867573545,0.017930974445617528
clapping 57,0.14583333333333334,0.3159290205953705,0.15975007333985933,0.37097103672348153,0.03539340673724061
hoverboarding 157,0.14583333333333334,0.23109799682717677,0.058198831602235906,0.7130426090699379,0.07369217672993338
ironing 165,0.14583333333333334,0.16544939728957203,0.026142038432377793,1.0868059307706002,0.18702862008285606
gargling 137,0.14285714285714285,0.23120692368003254,0.11311215455817056,0.4177502613296212,0.0415806865489216
playing trombone 247,0.14285714285714285,0.35039363809096136,0.14716022403571885,0.34435665541956956,0.05278304547441641
smoking 316,0.14285714285714285,0.16028931269826266,0.036710486727338495,0.4757423889363726,0.07393770949211284
brushing teeth 37,0.14,0.19331675546039062,0.039488296896419334,0.4068191255620933,0.055277786024102264
ice climbing 162,0.14,0.20754868278327254,0.03230154939170859,0.6109096661706392,0.07139421201619878
playing bagpipes 219,0.14,0.4188227641860477,0.17510215081190686,0.32726917631349045,0.0380159854497456
somersaulting 325,0.14,0.2560948275784989,0.07916972979666882,0.5572873118299084,0.04205829073123414
exercising with an exercise ball 120,0.125,0.35989316100458235,0.06595824451969734,0.38799581282773804,0.05697727009803916
balloon blowing 12,0.12244897959183673,0.22794106908035636,0.0505673663818139,0.4090859045941791,0.05578749778935041
braiding hair 32,0.12244897959183673,0.0927037952502727,0.015770390752448137,0.6972592421518772,0.10293205202445223
cleaning floor 60,0.12244897959183673,0.14857916179055006,0.019569940322280318,1.1893082715540089,0.11695273675452161
dancing charleston 85,0.12244897959183673,0.49944970466786714,0.3640376733279402,0.31651733521046743,0.020519574377495197
flipping pancake 129,0.12244897959183673,0.1992074449748497,0.04966445957091046,0.8271413882791869,0.09762415071388454
sailing 282,0.12244897959183673,0.13988897523470512,0.044489516134553105,1.1193422667558879,0.11208161964898039
blasting sand 23,0.12,0.11853340352744413,0.011077546844957068,0.8349102447836051,0.12502297151884265
blowing glass 24,0.12,0.22592010858193462,0.08189659398441469,0.5944789931503027,0.05851244358795537
climbing ladder 67,0.12,0.2504594237617993,0.06013146373418666,0.4714933990602156,0.04855963565846413
doing aerobics 95,0.12,0.5995111532786005,0.50014036768967,0.29071322271576344,0.009139400794642679
flying kite 130,0.12,0.15123009379253533,0.03850147964023026,1.229145367530625,0.1249078911311931
playing flute 231,0.12,0.30127284930568243,0.07896445805014732,0.39823083247334634,0.07664162256928207
shooting basketball 296,0.12,0.37196635060961464,0.13635252433875347,0.3924696199280442,0.04492499629419123
tasting food 353,0.12,0.26976430323246414,0.13287128068963236,0.32983822115028133,0.027219081891770344
ice fishing 163,0.10416666666666667,0.203272946630919,0.0373608108250087,0.7639226542474363,0.0979505415750228
breading or breadcrumbing 33,0.10204081632653061,0.060086018193038375,0.011113939514729988,1.5014737428296783,0.21358487486671737
curling hair 80,0.10204081632653061,0.1636090333104653,0.024309791190156124,0.40475382592445736,0.05505239320139529
folding napkins 132,0.10204081632653061,0.06334852132623116,0.016910832970577896,2.0428794227904414,0.22502845630590312
passing American football (not in game) 209,0.10204081632653061,0.28491047370533285,0.050356646114025905,0.7699404005024336,0.09916069419857297
petting animal (not cat) 212,0.10204081632653061,0.1879495458006933,0.06896155111378918,0.5895271272136339,0.05460618512655454
planting trees 215,0.10204081632653061,0.3030311939674928,0.1657629748448687,0.41927743141274276,0.0260000341440747
playing trumpet 248,0.10204081632653061,0.3066877175626481,0.11624166695905103,0.3622460160396759,0.04158194750588934
sword fighting 345,0.10204081632653061,0.4071670166372848,0.22749054887790868,0.3418153541476133,0.010855055799501408
wrapping present 394,0.10204081632653061,0.1627519236852207,0.034703333465598465,0.9118612027517122,0.12409041406355739
answering questions 2,0.1,0.28230025315702023,0.12623722506413046,0.37459469586545013,0.0637601394554502
applauding 3,0.1,0.2615837044981839,0.17358900997844967,0.5383214325205362,0.02216384355399007
brushing hair 36,0.1,0.1569488720473169,0.033090050448329744,0.5033684183516284,0.057350026005190624
building cabinet 38,0.1,0.1661554568073564,0.02095443946640901,0.8625214698409939,0.1177674677045967
catching or throwing frisbee 49,0.1,0.30333443219413303,0.07576423554945069,0.6733568544886,0.0930923051488027
clay pottery making 58,0.1,0.07155956703222249,0.010096366331901077,1.2261871354756047,0.19321450372284232
dodgeball 94,0.1,0.4516340594160239,0.29946605119893904,0.369092371481575,0.012960661970116985
egg hunting 118,0.1,0.3524714061157306,0.14800267191955058,0.35983297879734544,0.019970677845430582
headbutting 150,0.1,0.18149364968011059,0.07337932522575914,0.6159995602205126,0.05400450989617511
making snowman 189,0.1,0.2849530915772326,0.10449969047639844,0.4123860076262386,0.029415177408460225
mowing lawn 201,0.1,0.2643315637805188,0.029125831651970673,0.7012721766246925,0.09793784179356033
parasailing 206,0.1,0.11820409323929376,0.05091798673171484,1.428704099173189,0.1198473640945266
playing cymbals 228,0.1,0.2142148152743146,0.04424890500689763,0.7313209249465857,0.13621969830931596
pushing wheelchair 263,0.1,0.3305892356264729,0.10606207354867782,0.3986840238364252,0.03431043858284089
shoveling snow 299,0.1,0.2717205950652942,0.033207106076371645,0.5405809693244183,0.06098330622499477
sweeping floor 338,0.1,0.2761094824152787,0.02926233033771102,0.5279520715381035,0.08054911279336181
tossing coin 361,0.1,0.2503027665044548,0.13921227908760903,0.5780307608379357,0.05981017881452715
waxing eyebrows 388,0.1,0.08628596750083745,0.0194395841407028,0.6772608424049201,0.08002334045456382
welding 391,0.1,0.07847835022034695,0.015786277825786232,1.1886697926042245,0.1210835389742233
snowboarding 322,0.0851063829787234,0.19479462532655373,0.02821680983624361,0.8662795968178032,0.0767253010187594
cracking neck 76,0.08333333333333333,0.10178922984584783,0.02343290128585105,0.8462866106722767,0.10915985554199126
laughing 180,0.08333333333333333,0.23790860369722697,0.06944910305523759,0.35022999937159377,0.04383962352698263
getting a haircut 138,0.08163265306122448,0.20920302424518258,0.09789243921056656,0.3872903263046307,0.02399362129786989
hugging 158,0.08163265306122448,0.24918677302158043,0.12355709457832754,0.36810187767815145,0.01224398787772069
massaging legs 195,0.08163265306122448,0.08328090083074252,0.016358948833160487,1.6674644595338761,0.16405930883092107
bandaging 13,0.08,0.08853910378626857,0.028184083381554537,1.1566169331626404,0.13655874232457962
blowing nose 26,0.08,0.17746756229087157,0.032822702422928327,0.46648745045590545,0.042521659531951146
bobsledding 28,0.08,0.1894295145413462,0.0867097107477272,0.7809479195057941,0.06876379109989163
catching or throwing softball 50,0.08,0.4289478109941256,0.20198762288534516,0.3926526802227004,0.04427653207599818
checking tires 54,0.08,0.14185267257136874,0.01616250328804203,0.9129042742039696,0.1497580221155082
cleaning windows 65,0.08,0.18670662166833324,0.029222869828770554,0.7176837321020265,0.10564433776968486
climbing tree 68,0.08,0.18419774552920648,0.02791047684020464,0.6049922261806914,0.05690973656683365
eating cake 110,0.08,0.252003979763388,0.06155580419558014,0.3638055767889781,0.04924154869161683
eating ice cream 115,0.08,0.21336799276990512,0.058356970026842266,0.3742276090894036,0.03836286992946489
feeding birds 123,0.08,0.21773690725769873,0.07924923666721859,0.652086504550724,0.056296868854016906
feeding goats 125,0.08,0.2063185599921452,0.06686196905613186,0.4871465853107288,0.028066774920813827
kicking soccer ball 175,0.08,0.31134493313567024,0.06879906352128962,0.7605017233935398,0.08912860281966888
making pizza 188,0.08,0.15081393438510712,0.052753975098510486,0.769582386722888,0.09047654653395541
opening present 204,0.08,0.2881269150700861,0.10656878661407138,0.3489268253892265,0.025834872266092598
playing chess 224,0.08,0.23938093458830526,0.11397521149392034,0.5000782258301015,0.0429848259255434
throwing ball 357,0.08,0.3912356640592997,0.12525576984315884,0.4259066119689398,0.060226037654088835
tossing salad 362,0.08,0.13040365642394333,0.02551610539526403,0.8840074451697169,0.11855832020632745
whistling 392,0.08,0.1607220921493414,0.03533169076745353,0.4915813903809814,0.07389732547438442
cooking on campfire 72,0.0625,0.13235740708898616,0.0272423502224463,0.8041425979587166,0.09977652831904613
pumping gas 257,0.0625,0.17293930225543835,0.026349651874273287,0.7237398520058932,0.09536336806505473
crying 79,0.061224489795918366,0.14685291485551952,0.036548472239558136,0.4610497718329917,0.05156936608301232
decorating the christmas tree 89,0.061224489795918366,0.2573753166753428,0.09709341658119176,0.36083799879483897,0.016077205007117887
folding clothes 131,0.061224489795918366,0.17746604575846955,0.025468609192797153,1.0511714399039687,0.10615347873941065
garbage collecting 136,0.061224489795918366,0.2009132721250541,0.04773881612289911,0.7119865123830451,0.07520394723824668
setting table 287,0.061224489795918366,0.17561646941597978,0.04219975070528837,0.8553096596663351,0.1028277559002666
texting 355,0.061224489795918366,0.13440866000989768,0.04573963420016038,0.8451474194607094,0.0952280333283258
unboxing 371,0.061224489795918366,0.0524987677504588,0.006895167549460889,1.7611728249036496,0.25494151688815225
applying cream 4,0.06,0.13400173213249572,0.02438578462878594,0.5330791273282004,0.0829902566751
cleaning toilet 64,0.06,0.08700366720571842,0.010368118842549224,1.1216438162096682,0.18010041906405347
cooking chicken 70,0.06,0.07722559428107242,0.014555991311777768,1.0821849538818344,0.13989938560731255
doing laundry 96,0.06,0.2093851411562659,0.029163224997113726,0.5289308786015883,0.06639378531282031
drinking beer 101,0.06,0.2422350723523993,0.11249750544581061,0.42739025488504817,0.051703239543626656
kitesurfing 177,0.06,0.12818870069758234,0.009912723346742303,1.2109868444815515,0.1331013918444004
rock scissors paper 279,0.06,0.24384532105731596,0.14590400970805043,0.4763570963013512,0.028386285196199967
stomping grapes 332,0.06,0.3328941340685163,0.2448857067345879,0.44824293090219597,0.023593183416785315
tying bow tie 368,0.06,0.12094716287420995,0.02379741626922968,0.8613362797913199,0.13423116861309958
waxing legs 389,0.06,0.13992958785876275,0.06642226841742352,0.970163506068528,0.09575560451825874
carving pumpkin 46,0.041666666666666664,0.14893410132938084,0.06180385876036092,0.7622017342914306,0.09316452157137523
catching fish 47,0.041666666666666664,0.21745077718133854,0.04976949194847887,0.6171784109227297,0.07149349350700741
doing nails 97,0.041666666666666664,0.0390535889170237,0.008985929882945342,1.6352200139807271,0.20964689746424808
shaking hands 288,0.041666666666666664,0.24270176603242488,0.15309571047621648,0.5181144248715644,0.026622833455587067
blowing leaves 25,0.04081632653061224,0.25578577793306784,0.03004789531379851,0.6301195661920291,0.08101037548004174
drinking 100,0.04081632653061224,0.214896642336455,0.08668984425864774,0.42057347633487774,0.03186179674012637
drinking shots 102,0.04081632653061224,0.1956060630696301,0.07934471303376996,0.45082868480933047,0.039980662557455124
eating burger 109,0.04081632653061224,0.20982983305889655,0.07374450954589233,0.43956647228485896,0.0515767851864158
faceplanting 122,0.04081632653061224,0.1995103223514038,0.05494235362211228,0.7417317515565343,0.05965003686661648
fixing hair 128,0.04081632653061224,0.17601162836262482,0.04774707739884733,0.44539916609305413,0.06060578215355868
laying bricks 181,0.04081632653061224,0.18935311538332142,0.05979624761117026,0.7085992311790289,0.08049313668072906
smoking hookah 317,0.04081632653061224,0.1671950009662995,0.045898971185444185,0.4868924038741254,0.05441691557457968
barbequing 14,0.04,0.14201251715646365,0.05523876672763881,0.791994985203031,0.09892777329352714
bookbinding 29,0.04,0.04016742483939077,0.005294505512797097,1.8834359987163627,0.25947328432891165
catching or throwing baseball 48,0.04,0.3651964961067007,0.12494560583259984,0.5338802539574151,0.06273457446565452
changing oil 52,0.04,0.07360164812731018,0.0087789339208342,1.2636936868673638,0.18828126497963543
crossing river 78,0.04,0.17773707560335333,0.047076774980376115,1.0819779898740283,0.12862794663697796
eating hotdog 114,0.04,0.25276768516264886,0.12998376339435916,0.36811020483474655,0.030624648962756944
high kick 152,0.04,0.36844072408324163,0.18242452000544715,0.4251255189155615,0.03939991824139273
holding snake 155,0.04,0.19795060033824374,0.07690574129913075,0.7377488806393245,0.05747266216900627
moving furniture 200,0.04,0.2976454669949206,0.07809212782569859,0.4196303264687892,0.039220580216328654
plastering 216,0.04,0.18410339603561718,0.03344387121230753,0.8517680525650866,0.10540892929974591
playing cards 222,0.04,0.039523178092201024,0.007564639639184405,1.4778381457861522,0.1949965316770564
playing controller 226,0.04,0.07887695857060381,0.02826920304883953,1.301236446558723,0.15009998046122758
shining shoes 295,0.04,0.13063412549388384,0.040845908768285734,0.9968765270314314,0.11747157477456335
spraying 328,0.04,0.17017739139868973,0.023925583608581703,0.7042246050042542,0.09613466938608839
tickling 359,0.04,0.20985224488888882,0.07453403987800535,0.44047279527414346,0.03586089603475302
unloading truck 372,0.04,0.23858138320741828,0.09761896511338371,0.6266261442981326,0.060283187218194964
water sliding 384,0.04,0.20787543182356874,0.06649955418202073,0.7054320987103392,0.07228521176693696
waxing back 386,0.04,0.09074947082555429,0.031415791362322795,0.9054054421905195,0.08938754261411214
brush painting 35,0.020833333333333332,0.07108597217939377,0.012094760566606376,1.2718409011804952,0.1358961922143806
eating carrots 111,0.020833333333333332,0.19144134105065158,0.02495863653029174,0.38073426208272537,0.06117454393171546
washing hair 381,0.020833333333333332,0.11071549415905006,0.023390474347998225,0.645166874097053,0.07272772307353911
cleaning shoes 63,0.02040816326530612,0.07694779937644387,0.015168264792520175,1.2944264313706582,0.1719553521226542
counting money 74,0.02040816326530612,0.11541721124963492,0.031262185331944865,1.0332416535317817,0.12717696781630353
eating doughnuts 113,0.02040816326530612,0.24244711481271916,0.1165254002699444,0.3600031666719363,0.029627649660862194
folding paper 133,0.02040816326530612,0.036055521197398396,0.004685387684807663,1.8119683700524454,0.23227388878342037
getting a tattoo 139,0.02040816326530612,0.10921438178096886,0.037572213921952306,0.8075581646739662,0.07273774490092536
trimming trees 366,0.02040816326530612,0.15560176020931943,0.02036739651101798,0.8484077568896347,0.10345934734511936
using remote controller (not gaming) 374,0.02040816326530612,0.070952933122147,0.01474729357900759,1.3691037541826108,0.1851629683692211
assembling computer 8,0.02,0.04886943342230178,0.010186541664296535,1.5555278712253036,0.1718853244325566
bee keeping 17,0.02,0.14549442806013496,0.03177453588093482,0.9269429593441872,0.10299576322494491
changing wheel 53,0.02,0.1442494975189476,0.04893546368834031,0.9431387970439389,0.12744388068351817
cutting pineapple 82,0.02,0.07215589220532741,0.011714226298396208,1.2892605432887696,0.16871363161896444
drumming fingers 106,0.02,0.07712774867083434,0.02209062590983005,1.3469893615736177,0.17962207985898856
eating watermelon 117,0.02,0.2441855685201602,0.09402901073971412,0.36706991498984454,0.0333151057460147
grinding meat 144,0.02,0.07608612613304465,0.01763407258919254,1.123362483318441,0.1694609962568429
grooming dog 145,0.02,0.12391251291851134,0.02899775108988972,0.7100354613117644,0.07314221362459092
massaging person's head 196,0.02,0.16538582291849632,0.07064499971898645,0.5018866996459401,0.05700502871213342
opening bottle 203,0.02,0.1380097323017433,0.03228829590584102,0.8848608798435408,0.10803084308117315
reading book 264,0.02,0.23118776487919157,0.05160969819684284,0.4816638369031905,0.06420440553465576
reading newspaper 265,0.02,0.23318677715993602,0.06921065904421879,0.489684699591142,0.06901412515639345
recording music 266,0.02,0.17448261778604723,0.053708967685926985,0.7267332256642275,0.08012630012972044
sharpening pencil 291,0.02,0.06808432512116502,0.01167539316032542,1.2811395177909735,0.20406226802868632
sneezing 319,0.02,0.14605964899637872,0.028328499166054514,0.5287621246659457,0.058089201721255514
washing hands 382,0.02,0.1260871423889594,0.037032013674502984,0.8633606436723974,0.11076831839133379
watering plants 385,0.02,0.2519566968618426,0.035280598505514155,0.5637386054587618,0.0779645076678023
waxing chest 387,0.02,0.13288630974476975,0.04526450727254638,0.6973575351667286,0.06878892326933515
baby waking up 10,0.0,0.10286562329000698,0.014368976939337126,0.5357846812470158,0.059918406350643105
baking cookies 11,0.0,0.1403236900017356,0.04578281883658509,0.8621574371212769,0.10007568409714739
bending metal 21,0.0,0.10740388437882664,0.03162880565337539,1.1013655748640943,0.1433527117424419
cleaning gutters 61,0.0,0.13698376042239466,0.017080672623927054,1.231676887409512,0.15488831256246802
cleaning pool 62,0.0,0.16756693899274952,0.015229303023849138,1.046955905982446,0.1237393933834763
cooking egg 71,0.0,0.061795935409260656,0.00938545628970344,1.3484192154067538,0.18878459060920622
cooking sausages 73,0.0,0.07001060644714578,0.012758570870636782,1.125560793457091,0.15826512797574158
cutting nails 81,0.0,0.09976689145004333,0.028908549525581823,0.9027421415663051,0.11775465782083468
cutting watermelon 83,0.0,0.09674111178252943,0.02022432481534444,1.3487809652613327,0.17535307992915788
digging 90,0.0,0.22043799921133633,0.09072117627357439,0.6362422566142767,0.05578966282222485
drawing 98,0.0,0.03128199028571754,0.0033979456919463868,1.8199340845640117,0.24638979727908203
eating chips 112,0.0,0.17779790617621688,0.04466411471921649,0.44400795458599446,0.06383697462380034
making a cake 184,0.0,0.14226780696546645,0.0399210740356526,0.8975360946405652,0.12046724606609571
making a sandwich 185,0.0,0.12675746357933104,0.030395939726682666,0.9499095903847771,0.14426177925317438
making jewelry 187,0.0,0.04778361786489848,0.010702807047423138,1.5117937326900814,0.1925709542334173
making sushi 190,0.0,0.10325533733125247,0.037458264842855755,1.1455511261624274,0.12740129812690257
making tea 191,0.0,0.08170217874952243,0.012070486217561592,1.3828502350582446,0.1874670999467239
massaging feet 194,0.0,0.08932494451257367,0.027923895567619247,1.234010076753272,0.1453036182916178
mopping floor 198,0.0,0.2500821499129958,0.02740298397310225,0.5526578510320042,0.07747631867365312
peeling apples 210,0.0,0.09914132156421354,0.023467251929946212,0.9749093985908667,0.1378751375302552
peeling potatoes 211,0.0,0.09456638106140643,0.020384324651597358,1.095047670922577,0.16903778674446843
playing basketball 220,0.0,0.3811845863823339,0.20060236840768977,0.40059085796525534,0.026910498006443673
playing keyboard 236,0.0,0.2007835871658578,0.041045750737281575,0.6979340680470743,0.10286997646671436
playing monopoly 238,0.0,0.15605849235322253,0.06526600119958466,0.8352920523975539,0.09044711645815967
ripping paper 276,0.0,0.21943816806952185,0.04369063164447724,0.6218236221140135,0.06716022824897204
sharpening knives 290,0.0,0.07868728357125,0.011451910848384251,1.437850657583613,0.20519093796011503
shaving legs 293,0.0,0.08350359884033759,0.015486328021149152,1.217700924601642,0.13845414162065717
shredding paper 300,0.0,0.06760942827359956,0.012475194847558942,1.8264720118455058,0.15843464774776733
slapping 314,0.0,0.18056917613932902,0.08269952560183035,0.6378748388150112,0.043701185949113125
sniffing 320,0.0,0.12869773439593318,0.032406447481541416,0.6093936817249999,0.05780711592446151
spray painting 327,0.0,0.10103938450274422,0.017343237982933368,1.0856651807616107,0.15055731665843178
sticking tongue out 331,0.0,0.13835321456159314,0.026894889276799398,0.48270878545479545,0.06268105412666347
swing dancing 342,0.0,0.4552360700094204,0.3280823918736468,0.2990047213340758,0.003746768871914184
taking a shower 347,0.0,0.15269875927468538,0.020708774717761173,0.6413130388872317,0.12625131576051377
weaving basket 390,0.0,0.10018712846180676,0.030854710960427287,1.2004931312223395,0.15375585150034493
yawning 397,0.0,0.1262669239700467,0.03063097822772459,0.5108002869869104,0.06957659048324895
