uniqueID,real_label,real_probability,predicted_label,predicted_probability,0_class_probability,1_class_probability,2_class_probability,3_class_probability,4_class_probability,5_class_probability,6_class_probability,7_class_probability,8_class_probability,9_class_probability
-526.171,1,0.49052286,1,0.49052286,0.001064846,0.49052286,0.0024845593,0.12871437,0.00379603,0.0030655793,0.013700502,0.3104784,0.03213153,0.014041443
-542.9119,8,0.058527283,9,0.7157267,0.012766005,0.007981037,0.023529803,0.007373207,0.0087527605,0.007915654,0.066612944,0.090814576,0.058527283,0.7157267
124.755905,2,0.8749855,2,0.8749855,0.010182125,0.021792805,0.8749855,0.006700744,0.0078306245,0.0056367726,0.012557098,0.0504946,0.0044094194,0.005410262
-797.5291,4,0.82978165,4,0.82978165,0.06916113,0.0044328473,0.019278461,0.010165412,0.82978165,0.027755318,0.015288169,0.0048157307,0.006486271,0.012834963
-819.34973,9,0.9603183,9,0.9603183,0.003980532,0.0050852676,0.0014457278,0.0040342454,0.002232993,0.003170651,0.0070424885,0.0010974999,0.011592208,0.9603183
-721.2435,8,0.101262465,3,0.7747879,0.00484978,0.06824164,0.005745845,0.7747879,0.0173104,0.008193148,0.007877838,0.006808098,0.101262465,0.004922851
-626.9623,9,0.88212526,9,0.88212526,0.007961121,0.022394534,0.004555582,0.0042056176,0.003404793,0.008637922,0.036596164,0.0045984723,0.025520599,0.88212526
-32.582497,5,0.90852886,5,0.90852886,0.0043528234,0.016238414,0.007324457,0.007588817,0.022850636,0.90852886,0.0074579082,0.004442777,0.009297197,0.011918192
-710.7244,8,0.35023123,3,0.4680471,0.014761475,0.09564342,0.008527426,0.4680471,0.035203673,0.012751413,0.007930736,0.0036478182,0.35023123,0.0032556646
-1097.2751,9,0.7629232,9,0.7629232,0.025197724,0.023711603,0.034349047,0.024960274,0.024234282,0.025376203,0.03700079,0.024704881,0.017542021,0.7629232
-435.13922,9,0.87123567,9,0.87123567,0.013381311,0.010355794,0.01816936,0.0043774294,0.006907797,0.009941808,0.032462314,0.02273369,0.010434845,0.87123567
-377.23993,4,0.6573754,4,0.6573754,0.00391552,0.0006402055,0.005591374,0.010882416,0.6573754,0.0058049867,0.0116115175,0.28157088,0.01298448,0.009623092
-355.54556,2,0.7822558,2,0.7822558,0.025062354,0.016432054,0.7822558,0.011355149,0.015491967,0.01041054,0.035447627,0.061557792,0.022943994,0.019042697
-619.2634,0,0.9682248,0,0.9682248,0.9682248,0.015666831,0.0009209532,0.011303541,0.0010240604,0.0005081735,0.00022075638,0.00014594919,0.00091608334,0.0010688115
-723.7728,6,0.11415502,1,0.48482987,0.008185078,0.48482987,0.006606211,0.011359447,0.009204566,0.007387628,0.11415502,0.23194186,0.09381825,0.032511994
-779.3545,7,0.902803,7,0.902803,0.0005162128,0.03894663,0.0058955736,0.02087105,0.0030862375,0.002346172,0.01965689,0.902803,0.003403817,0.0024742782
-657.18805,8,0.6639865,8,0.6639865,0.014680898,0.21701224,0.0033290077,0.05122175,0.014394311,0.00501433,0.012406861,0.015824474,0.6639865,0.0021295534
-441.3368,6,0.025832646,7,0.77237266,0.0005810206,0.1700563,0.0040050372,0.008727041,0.00281055,0.002193688,0.025832646,0.77237266,0.009602657,0.0038183709
-30.318726,1,0.8090115,1,0.8090115,0.007358164,0.8090115,0.013974039,0.0078164125,0.023869187,0.006521683,0.09284536,0.03265978,0.0029447144,0.0029991546
-292.8531,0,0.7739105,0,0.7739105,0.7739105,0.03844653,0.016910918,0.043873686,0.019785294,0.022916187,0.008241975,0.035922013,0.011477505,0.028515412
-381.03342,5,0.75591075,5,0.75591075,0.010006878,0.035867356,0.00727487,0.012208649,0.04964199,0.75591075,0.007763155,0.026334874,0.059157304,0.03583406
-769.7192,6,0.98838216,6,0.98838216,0.00061884266,0.0017513786,0.0026952096,0.001633853,0.0012420402,0.0026326473,0.98838216,0.0002077296,0.0007429494,9.3247e-05
-481.44437,8,0.35844457,8,0.35844457,0.018288448,0.016650623,0.021938693,0.10116732,0.044953823,0.05793592,0.26687148,0.034205113,0.35844457,0.07954403
-29.853436,5,0.87003964,5,0.87003964,0.006867415,0.020080477,0.007627965,0.009721084,0.025949223,0.87003964,0.007292798,0.00785296,0.025999403,0.018569076
-511.02115,8,0.6704802,8,0.6704802,0.0066505936,0.0077105,0.013342414,0.046012666,0.029210962,0.023543954,0.13216667,0.04007651,0.6704802,0.030805591
-174.3325,5,0.92350715,5,0.92350715,0.008237918,0.014684451,0.0060874266,0.012150698,0.021642733,0.92350715,0.008363039,0.0008815667,0.0009089207,0.003536137
-608.9951,0,0.9728898,0,0.9728898,0.9728898,0.01724004,0.0014493975,0.0051191445,0.0005333641,0.00063808623,0.00031899643,0.0003493314,0.0004782971,0.0009836325
-858.9764,9,0.8922804,9,0.8922804,0.0033439968,0.0033921348,0.0014894516,0.0054338714,0.0014110031,0.0030149275,0.008585658,0.00083116745,0.08021736,0.8922804
-478.00995,3,0.049274404,7,0.50346303,0.0023187187,0.32680473,0.0022458935,0.049274404,0.0039117727,0.0043277023,0.016529487,0.50346303,0.07949156,0.011632651
-707.56116,6,0.82970047,6,0.82970047,0.0062485533,0.03311851,0.024949955,0.0013124194,0.007144915,0.011107554,0.82970047,0.07279022,0.005767661,0.007859687
-439.9523,5,0.2047984,3,0.37800065,0.048398927,0.15727195,0.05242484,0.37800065,0.099305786,0.2047984,0.019919233,0.014669496,0.003984331,0.021226402
-533.36584,2,0.9565372,2,0.9565372,0.0025834101,0.006152685,0.9565372,0.009237714,0.0039569186,0.003276568,0.0017973555,0.012515726,0.0011954554,0.0027469106
-19.921371,6,0.5263747,6,0.5263747,0.0038463597,0.03642455,0.027568853,0.027014198,0.068975225,0.06359215,0.5263747,0.19305907,0.024075892,0.029068895
-783.39594,6,0.43977487,6,0.43977487,0.0129688345,0.4286533,0.008914786,0.013546587,0.010351084,0.007534187,0.43977487,0.0154847475,0.052229807,0.0105418
-521.14905,6,0.7294223,6,0.7294223,0.013471521,0.1420931,0.00668275,0.014651124,0.012191404,0.011135442,0.7294223,0.022411734,0.036515243,0.011425301
-380.77448,9,0.03062588,7,0.4824768,0.061945297,0.055595357,0.017124368,0.01609666,0.024871062,0.010621709,0.13405856,0.4824768,0.16658424,0.03062588
108.184975,5,0.6555484,5,0.6555484,0.020138953,0.0266583,0.044131346,0.10681719,0.05609842,0.6555484,0.04625642,0.0073862555,0.010436528,0.02652818
-485.31943,2,0.89301836,2,0.89301836,0.008847832,0.0199317,0.89301836,0.016577119,0.0113488855,0.011155418,0.0041978927,0.021378571,0.0052411994,0.008303026
-592.495,9,0.70952564,9,0.70952564,0.011695166,0.028391182,0.008354353,0.010218085,0.0070739496,0.015979933,0.03152558,0.0074595264,0.16977668,0.70952564
-629.98975,8,0.4131947,6,0.4393348,0.0112186195,0.04966246,0.0072524133,0.013060432,0.009380134,0.020882726,0.4393348,0.011489578,0.4131947,0.024524186
-778.7869,6,0.961933,6,0.961933,0.004644159,0.011468744,0.0027636262,0.006500647,0.0026964548,0.0038954015,0.961933,0.0010828901,0.0045310776,0.0004839101
-476.45886,2,0.83529645,2,0.83529645,0.009067584,0.029833775,0.83529645,0.013891899,0.011393735,0.007035202,0.019045092,0.066700555,0.0029703702,0.0047653136
-628.254,0,0.89454955,0,0.89454955,0.89454955,0.0074258493,0.005471962,0.055176415,0.013610469,0.0069006304,0.003993371,0.0014939139,0.004068609,0.0073092408
-226.14432,0,0.6730192,0,0.6730192,0.6730192,0.06130943,0.010455551,0.21842521,0.006391694,0.006674359,0.0029051434,0.002084934,0.0009272507,0.017807243
-636.7859,6,0.9412751,6,0.9412751,0.0040987674,0.008636019,0.0060185064,0.009333952,0.007208129,0.0084252525,0.9412751,0.0029945613,0.010324061,0.0016856958
-18.170118,5,0.90783906,5,0.90783906,0.005832696,0.006351388,0.013041365,0.012039065,0.022158936,0.90783906,0.01695621,0.0014853266,0.0047045005,0.009591567
-430.09442,3,0.30793032,3,0.30793032,0.0122973155,0.22476968,0.013976477,0.30793032,0.15088226,0.017427571,0.018823545,0.028558642,0.21050777,0.0148264235
-541.7544,2,0.9567379,2,0.9567379,0.0043011345,0.0083260955,0.9567379,0.004983212,0.0044783982,0.0033035355,0.0047789244,0.009951868,0.0015763675,0.0015626109
49.732616,5,0.95962226,5,0.95962226,0.0018678244,0.0031675461,0.0042137774,0.0028945005,0.0088626295,0.95962226,0.0041367747,0.0012952873,0.0055195987,0.0084197465
-450.20355,1,0.7464271,1,0.7464271,0.0068805874,0.7464271,0.0035873374,0.0044147056,0.040306084,0.1750938,0.0035764407,0.012864558,0.004280037,0.0025693376
-510.32983,9,0.81864727,9,0.81864727,0.005488705,0.0041437084,0.0035493819,0.004674368,0.003723014,0.004592672,0.026889935,0.053877268,0.07441371,0.81864727
-414.8034,2,0.9242253,2,0.9242253,0.0103236865,0.0044601965,0.9242253,0.0043793083,0.007277159,0.0083849095,0.012562092,0.016567435,0.004025674,0.0077942177
-377.5388,9,0.7413638,9,0.7413638,0.017687844,0.012595632,0.018716093,0.013899246,0.010425275,0.024572931,0.124653384,0.012502767,0.023583038,0.7413638
-767.19653,8,0.21174294,3,0.55071837,0.0452579,0.08950823,0.009435991,0.55071837,0.030466877,0.023705704,0.014030646,0.012904953,0.21174294,0.012228381
-581.6509,7,0.1581651,6,0.5269662,0.014812618,0.09447783,0.056331705,0.005940351,0.022802291,0.026594587,0.5269662,0.1581651,0.05369777,0.04021149
-448.037,8,0.8261499,8,0.8261499,0.013972826,0.09109194,0.002398319,0.049792603,0.004455552,0.0048772413,0.0022166942,0.003274475,0.8261499,0.0017704606
-433.0112,8,0.16880889,7,0.44737187,0.011275946,0.17827506,0.029984046,0.0232213,0.022735938,0.021873722,0.07537663,0.44737187,0.16880889,0.021076553
-736.1009,4,0.8911842,4,0.8911842,0.029133037,0.0007061151,0.011124329,0.017631577,0.8911842,0.00587063,0.012793149,0.0048091323,0.016386861,0.0103609385
-187.24423,0,0.6437904,0,0.6437904,0.6437904,0.27765933,0.0076214937,0.012900356,0.004610753,0.0030976264,0.011154481,0.012864032,0.022286942,0.0040146406
-391.82968,3,0.70933723,3,0.70933723,0.024553005,0.09053671,0.018888807,0.70933723,0.03612787,0.016853692,0.021066995,0.037356693,0.03230793,0.012971047
-1037.0001,7,0.6981452,7,0.6981452,0.004988698,0.11358811,0.005713391,0.07741425,0.020732353,0.010334476,0.038076725,0.6981452,0.008626131,0.022380713
-332.35764,8,0.8061052,8,0.8061052,0.0024802238,0.0007465645,0.003371726,0.014686672,0.004232558,0.011303211,0.03074662,0.003180165,0.8061052,0.12314707
-347.69507,0,0.44656485,0,0.44656485,0.44656485,0.31042793,0.02417429,0.041583404,0.014702993,0.014948925,0.019258697,0.08620699,0.028489472,0.013642447
-294.86023,3,0.89279574,3,0.89279574,0.0020209546,0.0023335211,0.007028683,0.89279574,0.048233595,0.009987659,0.013988207,0.0097885365,0.006241611,0.007581439
-404.97873,9,0.9195946,9,0.9195946,0.0072856615,0.004289916,0.008081099,0.0034555034,0.0032138093,0.008388961,0.035080895,0.0019641125,0.008645558,0.9195946
-731.2579,8,0.54181975,8,0.54181975,0.15361442,0.11643063,0.008039085,0.12882733,0.014820158,0.015875276,0.0053688954,0.00887116,0.54181975,0.006333376
-208.11,3,0.9118282,3,0.9118282,0.0011668417,0.0015494826,0.0040059118,0.9118282,0.040563166,0.0067143836,0.011399207,0.011593136,0.0042228564,0.006956734
-320.5786,2,0.8131036,2,0.8131036,0.0074246745,0.012695092,0.8131036,0.0028852837,0.0047625345,0.009475222,0.08373826,0.055684213,0.0010481359,0.009182934
-602.5476,9,0.02522823,4,0.26848832,0.0075078234,0.118053384,0.02381479,0.11305194,0.26848832,0.07623251,0.06787405,0.20181061,0.09793832,0.02522823
-464.80435,4,0.6044804,4,0.6044804,0.12330163,0.022817925,0.029021604,0.030682625,0.6044804,0.017326914,0.04757231,0.0845916,0.02915886,0.01104608
-679.41754,9,0.98006254,9,0.98006254,0.0021331077,0.0023882897,0.0014193323,0.00079458795,0.0008449202,0.0015708989,0.0022919406,0.0016589959,0.006835417,0.98006254
-53.853905,0,0.8271348,0,0.8271348,0.8271348,0.019275058,0.014985619,0.05998448,0.02916444,0.021386731,0.006053634,0.0050229128,0.008365484,0.008626894
-519.9768,4,0.91316044,4,0.91316044,0.026754033,0.0004690881,0.010715024,0.016680378,0.91316044,0.005035161,0.007893074,0.0032003508,0.006808996,0.009283335
-393.7921,8,0.018154664,1,0.7531319,0.015718246,0.7531319,0.007351757,0.11780988,0.0120709445,0.0029254735,0.012295971,0.050952725,0.018154664,0.009588435
-207.29955,3,0.45203534,3,0.45203534,0.045270525,0.26566538,0.0274618,0.45203534,0.062472988,0.018472556,0.040050004,0.06271837,0.013033363,0.01281967
-450.4566,3,0.9373814,3,0.9373814,0.004137228,0.017515453,0.0062598586,0.9373814,0.010730784,0.004283932,0.004658569,0.00804093,0.0014580635,0.0055338815
68.10603,5,0.2703133,5,0.2703133,0.06538084,0.0336262,0.08057122,0.22333708,0.082414836,0.2703133,0.04816569,0.018515123,0.07698239,0.10069337
-665.4009,1,0.5165685,1,0.5165685,0.30786172,0.5165685,0.013383825,0.07903367,0.013383605,0.009414837,0.00964226,0.019560419,0.024743611,0.006407602
-477.03476,3,0.008694092,7,0.59261423,0.0066792946,0.099394836,0.008576653,0.008694092,0.019003673,0.012004421,0.1882562,0.59261423,0.058192458,0.006584072
-666.8779,7,0.0033224707,9,0.9874254,0.0005540597,0.00015677762,0.00048754763,0.00052276783,0.00048476396,0.00049106724,0.0003386051,0.0033224707,0.006216585,0.9874254
-675.3699,0,0.92781705,0,0.92781705,0.92781705,0.04304674,0.002164946,0.0053778565,0.0068764584,0.000976922,0.005908575,0.0030611434,0.0024384302,0.002331783
-429.42432,8,0.0320171,5,0.70850945,0.0067923134,0.14482872,0.0055767368,0.005217375,0.032868017,0.70850945,0.008268547,0.044662356,0.0320171,0.01125941
-415.75372,9,0.3155691,7,0.3342313,0.03683038,0.011119331,0.061355837,0.034522787,0.06928671,0.025229799,0.060998816,0.3342313,0.050856024,0.3155691
-503.17303,4,0.9963192,4,0.9963192,2.9712259e-05,1.3120631e-06,0.0002764256,0.0002588362,0.9963192,0.00013053598,0.00049887673,0.001006772,0.0011093961,0.00036899227
-293.46466,2,0.87926,2,0.87926,0.0051087486,0.056001272,0.87926,0.01733485,0.013895119,0.0064331214,0.003984397,0.0130157545,0.0021194932,0.0028472145
-513.88324,7,0.9522154,7,0.9522154,0.00097070483,0.017885754,0.005033485,0.0021884958,0.0023220235,0.0014423438,0.011544613,0.9522154,0.0022132038,0.0041840835
-331.02695,4,0.9053721,4,0.9053721,0.01717361,0.0004811922,0.00845536,0.011093092,0.9053721,0.0034063924,0.017452376,0.007929769,0.021544274,0.0070919287
-98.75273,5,0.5333336,5,0.5333336,0.007922682,0.34805423,0.009042004,0.008181201,0.06342337,0.5333336,0.007925576,0.0113795325,0.0041619567,0.006575781
-419.33057,2,0.4644867,2,0.4644867,0.011407061,0.338345,0.4644867,0.041786514,0.052295953,0.008430201,0.009557808,0.060044672,0.007068025,0.0065781814
41.31927,5,0.80503386,5,0.80503386,0.0040093656,0.0983411,0.006508618,0.0029610991,0.044154324,0.80503386,0.0069307215,0.013276567,0.010968881,0.007815423
-11.479713,7,0.5089967,7,0.5089967,0.015584971,0.05895488,0.028087497,0.0139467465,0.27306554,0.029262623,0.025003554,0.5089967,0.030062513,0.017034968
-659.503,7,0.13335593,6,0.48523378,0.00662117,0.07305242,0.25173908,0.0055632964,0.019099304,0.013960864,0.48523378,0.13335593,0.004363074,0.0070110615
-340.08185,4,0.123208955,5,0.3078839,0.03895762,0.1616721,0.024480017,0.08824007,0.123208955,0.3078839,0.024082137,0.09767439,0.08395592,0.049844854
-444.16315,5,0.3683778,1,0.3769709,0.031955488,0.3769709,0.019869624,0.018632842,0.11209628,0.3683778,0.020859044,0.027201971,0.010631882,0.013404163
-884.9061,6,0.9487185,6,0.9487185,0.0039012432,0.0062284106,0.0073625906,0.0070350002,0.006846196,0.009856977,0.9487185,0.0034849716,0.005037798,0.0015283652
-368.54224,1,0.75275,1,0.75275,0.023673277,0.75275,0.009277168,0.11118949,0.008371155,0.0045037013,0.027836515,0.038921844,0.012136539,0.011340341
-174.32892,5,0.8828943,5,0.8828943,0.013049146,0.0157387,0.015796244,0.021470884,0.02445798,0.8828943,0.012369437,0.002373435,0.0031257123,0.00872406
-318.8057,2,0.9343248,2,0.9343248,0.004302271,0.01622336,0.9343248,0.0021401749,0.003926999,0.005348833,0.019036734,0.0131154,0.0005199963,0.0010615285
-662.1202,0,0.8442253,0,0.8442253,0.8442253,0.11180393,0.0055775647,0.007984328,0.001377872,0.0028391914,0.0019668504,0.0058604893,0.016442671,0.0019218344
-954.27124,7,0.974146,7,0.974146,0.00064782694,0.0066024107,0.003655696,0.0027420311,0.0027322408,0.0018787346,0.0049356134,0.974146,0.0011617213,0.0014977043
-134.20662,0,0.09897069,3,0.84451616,0.09897069,0.01452643,0.011878512,0.84451616,0.005719096,0.007627941,0.0035939391,0.0019050267,0.0007136334,0.010548522
68.09233,1,0.63476276,1,0.63476276,0.024820784,0.63476276,0.01518848,0.053257197,0.052924246,0.02280076,0.16076592,0.01730543,0.008473054,0.0097013265
-246.30702,6,0.025428172,3,0.37868434,0.008765856,0.3113212,0.029258877,0.37868434,0.021600954,0.0070709134,0.025428172,0.15674336,0.011320707,0.049805626
-891.41766,7,0.83767116,7,0.83767116,0.0022122406,0.030337034,0.008919271,0.04082925,0.028489767,0.0074172826,0.03069416,0.83767116,0.009547187,0.0038826328
-636.404,2,0.91361916,2,0.91361916,0.0041129566,0.017639615,0.91361916,0.010008587,0.0061401688,0.004092981,0.0036750408,0.03431233,0.0013239298,0.0050753276
-260.60938,7,0.8161654,7,0.8161654,0.0009097244,0.05542696,0.03798523,0.040214203,0.0048785536,0.0044817277,0.03399293,0.8161654,0.004180201,0.0017651182
-304.97192,5,0.95897114,5,0.95897114,0.0022763673,0.010173931,0.0022337814,0.0017694399,0.011713042,0.95897114,0.004159572,0.002080915,0.0027212051,0.003900531
-258.0011,3,0.14085442,1,0.41950545,0.009019812,0.41950545,0.024296276,0.14085442,0.09989468,0.2355995,0.0168765,0.007822476,0.031980757,0.01415023
-302.2564,2,0.55502397,2,0.55502397,0.052679826,0.01681628,0.55502397,0.020816352,0.043476388,0.021109784,0.13263509,0.08560886,0.025191674,0.04664182
-426.5583,1,0.94405496,1,0.94405496,0.0003548137,0.94405496,0.0015937857,0.004723276,0.020611929,0.025845712,0.00066322327,0.0010373592,0.0009825099,0.00013235756
-334.10834,7,0.8744476,7,0.8744476,0.0035458198,0.041874558,0.033162203,0.015381326,0.0047436096,0.0044231587,0.014488386,0.8744476,0.0050388593,0.002894472
-871.2786,6,0.03624937,7,0.8870376,0.00044003286,0.058045056,0.0012715827,0.0015833004,0.0015287882,0.0013414402,0.03624937,0.8870376,0.010653581,0.0018492844
-345.56854,3,0.9111002,3,0.9111002,0.0022459533,0.018212115,0.0063137156,0.9111002,0.010966665,0.004339324,0.005757281,0.023374142,0.0024219013,0.015268652
-501.16766,1,0.12738548,3,0.37383136,0.014010276,0.12738548,0.03087758,0.37383136,0.061771087,0.01549385,0.021496378,0.2742737,0.047553122,0.033307213
-284.88977,4,0.81473994,4,0.81473994,0.008900727,0.0065347077,0.018313074,0.030537585,0.81473994,0.04229927,0.033190925,0.015775535,0.013368857,0.016339388
-760.6719,6,0.8152994,6,0.8152994,0.02055641,0.03524489,0.007950406,0.019696578,0.012209348,0.020977959,0.8152994,0.005373163,0.040733762,0.021958133
-11.379494,5,0.97046113,5,0.97046113,0.0016709868,0.004066373,0.0017879411,0.001177642,0.005584684,0.97046113,0.0021153793,0.0021563899,0.0050492,0.005930183
-198.41745,1,0.10510944,3,0.46169406,0.009419941,0.10510944,0.048258852,0.46169406,0.10006828,0.055625394,0.013872355,0.116484486,0.05056615,0.038901098
-289.62094,5,0.87707365,5,0.87707365,0.013771566,0.03931284,0.0071049063,0.007094151,0.028123947,0.87707365,0.013502984,0.0040530283,0.003612621,0.0063503017
-339.99545,2,0.7736848,2,0.7736848,0.018753221,0.010501541,0.7736848,0.009450545,0.013398948,0.010474431,0.023145651,0.07194721,0.004065466,0.064578176
-156.27478,1,0.61445826,1,0.61445826,0.026115987,0.61445826,0.022697715,0.15822665,0.090385154,0.037800398,0.011730771,0.025925191,0.0061377767,0.006522146
24.010483,1,0.008259919,5,0.7918829,0.06312444,0.008259919,0.02264055,0.011709577,0.024653384,0.7918829,0.028009264,0.009106631,0.01386986,0.026743501
-800.4564,6,0.84641093,6,0.84641093,0.009038933,0.04224793,0.017411452,0.0037444024,0.014330079,0.008830467,0.84641093,0.04298567,0.013268186,0.0017319176
-58.813377,1,0.044103134,5,0.7863379,0.019282492,0.044103134,0.02277912,0.020631673,0.055419933,0.7863379,0.016291702,0.008238283,0.008995491,0.017920244
-728.80273,6,0.985225,6,0.985225,0.0015779204,0.002401753,0.0034795953,0.001385735,0.0013958592,0.0028935343,0.985225,0.00034257682,0.00092469243,0.00037319853
-735.4873,6,0.2898881,6,0.2898881,0.030083276,0.28987467,0.009566723,0.041936718,0.017283695,0.023636768,0.2898881,0.012101613,0.15908106,0.1265474
-1007.2565,7,0.14981504,9,0.2666197,0.0108048245,0.195941,0.0064907856,0.013810238,0.012487726,0.013247039,0.06600396,0.14981504,0.26477966,0.2666197
-682.03516,1,0.38098574,1,0.38098574,0.053570386,0.38098574,0.033118214,0.03329587,0.03652078,0.014938426,0.17622682,0.18503816,0.045111336,0.041194342
-334.00226,8,0.021770936,5,0.8940817,0.0004856258,0.06384618,0.0021701127,0.0047282255,0.005414794,0.8940817,0.0019438541,0.004436099,0.021770936,0.0011224075
-288.89395,4,0.63496983,4,0.63496983,0.040930275,0.00980626,0.025134172,0.021467,0.63496983,0.05136244,0.03512816,0.10745586,0.053257655,0.020488376
-357.21527,2,0.002222551,8,0.8770089,0.004844095,0.00021344317,0.002222551,0.0075300457,0.004040985,0.00082617893,7.780352e-05,0.011684127,0.8770089,0.09155183
-612.6927,6,0.46723062,6,0.46723062,0.006983074,0.14004105,0.023130016,0.002190484,0.009223513,0.010486339,0.46723062,0.31380057,0.005122689,0.021791613
-391.68732,4,0.79191697,4,0.79191697,0.0680914,0.014982387,0.021599254,0.022883113,0.79191697,0.011311219,0.0148131475,0.017414177,0.023098461,0.013889937
-863.9677,9,0.7548578,9,0.7548578,0.011951912,0.09188524,0.0022096138,0.014906291,0.004579688,0.005066974,0.009091492,0.0027302345,0.10272077,0.7548578
-752.66235,4,0.80343294,4,0.80343294,0.08037284,0.0032538425,0.015961269,0.029513374,0.80343294,0.011081264,0.017687513,0.0067706923,0.018217746,0.013708535
-449.7554,2,0.8171521,2,0.8171521,0.016230563,0.021055093,0.8171521,0.020633966,0.017628858,0.0133505035,0.013692149,0.056076888,0.013826624,0.010353327
-816.24286,7,0.9254338,7,0.9254338,0.0005436799,0.019815953,0.0070323264,0.0062467884,0.003302821,0.002833217,0.029343031,0.9254338,0.004288408,0.0011600176
-100.71353,2,0.96211183,2,0.96211183,0.0023768332,0.0040383297,0.96211183,0.006553719,0.0028132114,0.0014779107,0.0003509199,0.012149978,0.0028246099,0.005302501
-763.03485,6,0.626918,6,0.626918,0.013583723,0.050567757,0.06371143,0.0071001183,0.028292308,0.020112617,0.626918,0.14455445,0.022042582,0.02311709
-601.7197,7,0.26192212,1,0.28509423,0.035130184,0.28509423,0.012578101,0.09938551,0.05101699,0.021914767,0.093616575,0.26192212,0.09459662,0.044744957
-347.54248,0,0.50892663,0,0.50892663,0.50892663,0.039570756,0.019102931,0.0047441702,0.01201877,0.010607598,0.027249115,0.34596762,0.022403982,0.009408481
-545.0203,2,0.7596855,2,0.7596855,0.00564916,0.016263248,0.7596855,0.0019292702,0.0054383245,0.0031293696,0.061877538,0.14180934,0.0027125035,0.001505774
-418.2621,3,0.39690614,3,0.39690614,0.021949653,0.29345655,0.020538231,0.39690614,0.08562534,0.025805052,0.028696725,0.081267335,0.03481699,0.010938054
-757.1728,0,0.98274624,0,0.98274624,0.98274624,0.011139017,0.0010450508,0.002010289,0.0005694344,0.00058805174,0.00036590188,0.00031614015,0.00026529617,0.00095459225
-421.34686,3,0.9793229,3,0.9793229,0.0012092965,0.0027121156,0.0028073099,0.9793229,0.003765685,0.0021698806,0.0021832474,0.0029764813,0.0005819498,0.0022710843
-240.99033,4,0.9975236,4,0.9975236,0.0002446989,9.532207e-07,0.0004659035,0.00046358857,0.9975236,0.00014921713,0.00048085337,0.0001608139,0.00025148818,0.00025888134
-238.57608,4,0.8342674,4,0.8342674,0.021313507,0.006460027,0.015992235,0.008850887,0.8342674,0.026490461,0.024802264,0.03071016,0.021990525,0.009122443
209.54568,1,0.08161257,5,0.74254155,0.01072512,0.08161257,0.019052485,0.019749358,0.06369793,0.74254155,0.017219832,0.0109906215,0.013657261,0.020753259
-369.383,4,0.2803277,7,0.3373335,0.028982343,0.12116281,0.019282326,0.04407552,0.2803277,0.009403426,0.08277156,0.3373335,0.06870391,0.007956881
-282.0798,0,0.057612844,3,0.5776932,0.057612844,0.21373709,0.030751077,0.5776932,0.022622656,0.013594807,0.017146822,0.035666108,0.00984308,0.021332337
-1180.1235,6,0.80628276,6,0.80628276,0.01909724,0.03237306,0.01363772,0.0057527823,0.011740057,0.02258024,0.80628276,0.016923709,0.012876286,0.058736213
-1024.1895,4,0.9566305,4,0.9566305,0.008113826,0.0002991257,0.0051654847,0.005256292,0.9566305,0.0019459525,0.0071486114,0.006373654,0.005819664,0.0032468147
-891.50037,9,0.87999505,9,0.87999505,0.0134119885,0.012615936,0.012506851,0.013450068,0.015340654,0.010581906,0.00800332,0.00695609,0.027138092,0.87999505
-887.0663,9,0.8809254,9,0.8809254,0.010476829,0.013783376,0.003750694,0.008059528,0.00478273,0.008337042,0.04568793,0.00055818865,0.023638265,0.8809254
-478.1554,4,0.9232672,4,0.9232672,0.032514155,0.00030993292,0.0075533125,0.009102617,0.9232672,0.001569608,0.0071010482,0.0049101547,0.0072453795,0.006426634
-428.42444,3,0.8750975,3,0.8750975,0.0036822958,0.016726479,0.00568426,0.8750975,0.018731985,0.0053665447,0.014026464,0.052216846,0.0043890807,0.004078471
-945.27747,1,0.094431385,7,0.81603974,0.00091626565,0.094431385,0.0068740505,0.03715923,0.0040686643,0.002609115,0.02652099,0.81603974,0.006750571,0.0046300143
-1007.5597,6,0.94790643,6,0.94790643,0.0068072737,0.016099878,0.006143359,0.0010856291,0.002426616,0.005110483,0.94790643,0.0017249557,0.0035321668,0.00916326
-765.9189,9,0.08788451,6,0.33832884,0.028694324,0.10617941,0.02727136,0.06757584,0.03114862,0.03716673,0.33832884,0.085170984,0.19057935,0.08788451
-260.83926,9,0.20510425,7,0.46284065,0.022454454,0.018849997,0.023746055,0.027707258,0.060689658,0.008606721,0.12165298,0.46284065,0.048347957,0.20510425
-374.72006,3,0.4950674,3,0.4950674,0.023972323,0.08637707,0.010060719,0.4950674,0.021881869,0.021855451,0.014004854,0.044177826,0.27266797,0.0099345725
-512.78394,4,0.8904311,4,0.8904311,0.03293422,0.0012776701,0.0149835115,0.014130378,0.8904311,0.0037314377,0.009132203,0.008562787,0.012776251,0.012040429
-543.5402,9,0.92060137,9,0.92060137,0.0026912715,0.0028517758,0.0015703707,0.00403848,0.0020485756,0.0035840627,0.007464491,0.00318075,0.051968858,0.92060137
-169.2553,1,0.712669,1,0.712669,0.16957818,0.712669,0.0037073353,0.08105689,0.0086873155,0.0019645076,0.008122845,0.0041794684,0.0063269893,0.003707406
-134.8214,2,0.7693755,2,0.7693755,0.0033280628,0.0025492408,0.7693755,0.0019254382,0.0026510034,0.0018713117,0.006537066,0.19618495,0.0048512816,0.010726131
-63.45455,5,0.93434197,5,0.93434197,0.0049922564,0.010930739,0.0050129564,0.007862165,0.015371059,0.93434197,0.0073122797,0.001627856,0.006793412,0.005755303
-660.58185,0,0.9611675,0,0.9611675,0.9611675,0.00615381,0.0036859056,0.0026643327,0.009282256,0.0014865282,0.002700313,0.0049730525,0.003408114,0.0044782516
-353.1646,0,0.99345475,0,0.99345475,0.99345475,0.0020819304,0.00085624773,0.0018938873,0.00022259088,0.00030650705,0.00016737463,0.0002196643,3.9053382e-05,0.0007579115
-357.5736,1,0.21946876,3,0.27164075,0.0090955915,0.21946876,0.023561757,0.27164075,0.16859826,0.08884363,0.012878684,0.10691568,0.070491806,0.028505066
-708.52185,7,0.91012365,7,0.91012365,0.00018277069,0.06140409,0.0015041901,0.011217112,0.0010819943,0.00086477445,0.008489622,0.91012365,0.004183266,0.00094853103
-736.0598,8,0.2899858,0,0.30320752,0.30320752,0.038043763,0.01529458,0.09331344,0.097733706,0.07926432,0.023995655,0.03445154,0.2899858,0.024709744
-663.36664,4,0.96959084,4,0.96959084,0.0009950937,8.130637e-05,0.0024512287,0.0032170564,0.96959084,0.0027658287,0.0031524086,0.005281454,0.009078283,0.0033865063
18.917973,5,0.48472315,5,0.48472315,0.02367851,0.10306099,0.045200467,0.053871267,0.10561536,0.48472315,0.042385973,0.032145288,0.06438465,0.044934366
-509.41312,3,0.95362616,3,0.95362616,0.0017284594,0.015174541,0.0033921355,0.95362616,0.011513314,0.0034307106,0.0035754673,0.002335736,0.0031896583,0.0020337824
19.410362,0,0.3318546,1,0.47454232,0.3318546,0.47454232,0.008900962,0.054086003,0.009188629,0.0073647476,0.018303782,0.0047880635,0.08459608,0.006374804
-95.36192,8,0.03531173,1,0.43518233,0.009329216,0.43518233,0.03578369,0.011445803,0.10057333,0.117720835,0.018972585,0.21910022,0.03531173,0.016580267
-724.7803,4,0.89035463,4,0.89035463,0.06010265,0.0012570263,0.00807649,0.012431596,0.89035463,0.00635639,0.0057296758,0.0013901221,0.007812617,0.00648881
-249.9876,2,0.9072201,2,0.9072201,0.0025890472,0.03417741,0.9072201,0.0069908486,0.0064829537,0.0016679211,0.002058991,0.03486757,0.0014050335,0.002540121
-438.40436,9,0.941112,9,0.941112,0.0018304936,0.0011484355,0.0006130453,0.00184854,0.00089052983,0.0015337595,0.001330504,0.00062492816,0.049067788,0.941112
-77.877686,8,0.08568952,7,0.58450747,0.0085428115,0.09399762,0.017140519,0.023199992,0.08429684,0.05427087,0.021631584,0.58450747,0.08568952,0.026722727
-474.5279,8,0.7262434,8,0.7262434,0.00971935,0.17952485,0.0024685303,0.058126673,0.008327755,0.006210153,0.0031791118,0.0035304367,0.7262434,0.002669744
-232.5159,2,0.95763,2,0.95763,0.0044096494,0.003833659,0.95763,0.004045855,0.0035130852,0.004323755,0.0011570621,0.012147123,0.0033577876,0.0055820863
-703.4131,4,0.8318554,4,0.8318554,0.05065599,0.00016969813,0.018571358,0.019470248,0.8318554,0.015553937,0.01256701,0.0023609863,0.021916239,0.026879119
-272.78986,3,0.9298568,3,0.9298568,0.004809577,0.0028319636,0.0071887993,0.9298568,0.027225666,0.007258149,0.0055883555,0.0040818076,0.002672311,0.0084866155
-508.41833,1,0.13227582,0,0.8460124,0.8460124,0.13227582,0.00233955,0.009444882,0.00094144954,0.0010506321,0.0012714007,0.0014891535,0.0025318435,0.0026429417
-246.48512,8,0.31802016,8,0.31802016,0.12164889,0.17329197,0.02020217,0.18766038,0.025688598,0.018382676,0.0070781256,0.034421258,0.31802016,0.09360582
-522.5503,9,0.017127957,6,0.8988773,0.008904059,0.022156619,0.0063291397,0.0059440015,0.0049178586,0.012666026,0.8988773,0.004401484,0.018675553,0.017127957
-255.40529,3,0.14143594,1,0.37519553,0.023281178,0.37519553,0.02129336,0.14143594,0.15437907,0.09057405,0.04557618,0.032943003,0.10736297,0.007958689
28.215927,5,0.8360229,5,0.8360229,0.007830598,0.021619363,0.022553049,0.040807534,0.034424894,0.8360229,0.016586611,0.0035962313,0.0038956283,0.012663046
-653.1364,9,0.5894444,9,0.5894444,0.022013228,0.06193374,0.007350768,0.09841204,0.013349943,0.014577525,0.03937745,0.0020338232,0.15150714,0.5894444
-332.8306,7,0.79594,7,0.79594,0.0030407864,0.01245338,0.004694872,0.06439798,0.07499928,0.005217224,0.023908129,0.79594,0.005650894,0.009697374
-640.99036,4,0.9707271,4,0.9707271,0.0077040745,0.00045548266,0.003419492,0.0027435082,0.9707271,0.0012833922,0.004228858,0.004412555,0.0031284825,0.0018971099
-187.45615,8,0.05107803,5,0.9033581,0.00045137806,0.0037685179,0.0005642357,0.0020135185,0.009035265,0.9033581,0.0005510099,0.007847621,0.05107803,0.021332232
-470.85608,1,0.33503798,0,0.51828057,0.51828057,0.33503798,0.0116716325,0.038405698,0.009278108,0.005181306,0.009223024,0.03311484,0.0063542044,0.033452637
-145.0155,0,0.34699005,0,0.34699005,0.34699005,0.034677535,0.030133119,0.26072347,0.046173062,0.087471604,0.007999795,0.010120894,0.14186141,0.033849027
-937.28674,9,0.80139005,9,0.80139005,0.012102146,0.051656086,0.006304981,0.008557532,0.0063937306,0.010905714,0.056467243,0.0031409261,0.043081656,0.80139005
20.512268,1,0.09530989,5,0.75929725,0.023624567,0.09530989,0.012493397,0.019691365,0.042481318,0.75929725,0.013147271,0.010896514,0.012058512,0.010999937
-889.9657,1,0.052485947,7,0.90861744,0.00044394552,0.052485947,0.0037342715,0.003702246,0.0019656874,0.00136609,0.022187222,0.90861744,0.004242145,0.0012550076
-271.51135,7,0.2361835,2,0.5231828,0.016681604,0.07717601,0.5231828,0.02589241,0.030507766,0.024410779,0.041544385,0.2361835,0.012178938,0.012241778
-481.7693,1,0.1797614,7,0.5533378,0.00249045,0.1797614,0.004474963,0.0121107865,0.0061487635,0.007677329,0.026922941,0.5533378,0.08298228,0.124093324
-575.44165,0,0.8300527,0,0.8300527,0.8300527,0.09652503,0.0042146617,0.034995448,0.011099443,0.0032503717,0.0051174504,0.0027616604,0.005283351,0.00669991
-704.66406,6,0.9121049,6,0.9121049,0.008723171,0.030297227,0.0076310085,0.008648596,0.0071703824,0.009825392,0.9121049,0.003185352,0.0105166705,0.0018972146
-661.9867,0,0.8782667,0,0.8782667,0.8782667,0.016668081,0.011779835,0.024139905,0.02995747,0.009970305,0.0029565033,0.004171979,0.015549471,0.006539817
-314.8016,1,0.6777186,1,0.6777186,0.022601774,0.6777186,0.010856327,0.06811784,0.048113205,0.0073217303,0.12516972,0.012051201,0.025006525,0.0030430977
-756.3336,6,0.72548693,6,0.72548693,0.028080191,0.11648505,0.010530324,0.019717215,0.018654354,0.016655121,0.72548693,0.01288264,0.04088932,0.010618831
-835.3268,6,0.28253642,1,0.43380523,0.008699564,0.43380523,0.005213226,0.006966092,0.010294547,0.012651015,0.28253642,0.15029173,0.07082378,0.018718326
-391.02356,0,0.022694992,3,0.88504344,0.022694992,0.0069516296,0.012813011,0.88504344,0.020943467,0.011973061,0.004747316,0.0034551919,0.011457082,0.019920819
-332.94943,4,0.069974154,3,0.24926497,0.09151769,0.092031,0.037334207,0.24926497,0.069974154,0.0639247,0.06777603,0.24310824,0.05979729,0.025271775
-82.18443,5,0.56113136,5,0.56113136,0.006820156,0.31484863,0.016837299,0.013083644,0.057490263,0.56113136,0.008759032,0.0074045993,0.0055739437,0.008051077
-694.87646,6,0.26638368,1,0.37017372,0.015965505,0.37017372,0.007945456,0.010280194,0.0107235275,0.014293127,0.26638368,0.021770736,0.13738507,0.14507899
-392.25244,6,0.4787841,6,0.4787841,0.007820252,0.12200267,0.015818149,0.0045980983,0.015175527,0.01298574,0.4787841,0.300725,0.029517421,0.012573002
-485.76855,2,0.85492057,2,0.85492057,0.010127005,0.0039216196,0.85492057,0.0025030072,0.0050674127,0.006233265,0.029465,0.067349434,0.004280128,0.016132623
-227.271,0,0.7393997,0,0.7393997,0.7393997,0.06207749,0.016134407,0.13881283,0.007980389,0.010578313,0.005865594,0.005742488,0.0009858999,0.012422964
-355.5274,5,0.48625314,5,0.48625314,0.013642087,0.2724345,0.01675939,0.037186287,0.03466894,0.48625314,0.005325178,0.0076093692,0.12065068,0.005470348
-682.8794,7,0.23525348,3,0.57357645,0.0035585552,0.08810802,0.017490596,0.57357645,0.0179007,0.007833172,0.034058746,0.23525348,0.009655303,0.012564928
-675.03845,7,0.85421735,7,0.85421735,0.0003841024,0.05192449,0.0035140084,0.062324367,0.0023544577,0.0016510077,0.017017597,0.85421735,0.0036905126,0.0029220693
-569.28375,1,0.21141663,3,0.6348595,0.056055386,0.21141663,0.0102062,0.6348595,0.026523013,0.008208855,0.011522365,0.017692804,0.0085324235,0.014982842
-576.2777,7,0.9551289,7,0.9551289,0.0009505879,0.014779267,0.0016679751,0.0020761415,0.0037704904,0.0018721721,0.0120941745,0.9551289,0.0033590551,0.004301184
-325.43918,8,0.26618138,8,0.26618138,0.0656895,0.049298424,0.037128005,0.1108448,0.08183263,0.07860489,0.042191416,0.14953531,0.26618138,0.1186936
-249.02603,8,0.0222363,1,0.6618176,0.0056325397,0.6618176,0.011259721,0.040741358,0.13313049,0.017105278,0.019919908,0.083388664,0.0222363,0.0047682226
-352.32843,3,0.94087774,3,0.94087774,0.0024710675,0.012044067,0.004565197,0.94087774,0.010055898,0.0036697034,0.0049011055,0.012692519,0.0018553245,0.0068673138
-368.93405,5,0.8588407,5,0.8588407,0.028153552,0.007155695,0.013547425,0.00911246,0.020712798,0.8588407,0.030718613,0.004830799,0.01449188,0.012436127
-165.25505,7,0.1195789,1,0.63386345,0.0052868417,0.63386345,0.014407444,0.013713767,0.13498962,0.04042961,0.01920085,0.1195789,0.012352202,0.0061773234
-212.73174,4,0.7692908,4,0.7692908,0.008313477,0.0075692898,0.028173756,0.03774224,0.7692908,0.023259096,0.020874191,0.026300913,0.05292328,0.025552982
-377.97717,3,0.9671019,3,0.9671019,0.0028110724,0.0037349921,0.003953821,0.9671019,0.006531696,0.003393026,0.0021740927,0.0027830042,0.0009399028,0.006576609
-997.8275,9,0.89188343,9,0.89188343,0.0075352453,0.004258252,0.0037326347,0.010564932,0.005754029,0.006759644,0.02441309,0.004237904,0.04086076,0.89188343
-347.36862,1,0.45340973,1,0.45340973,0.044684704,0.45340973,0.0076157926,0.0050695674,0.03923501,0.40869415,0.009962232,0.022293443,0.0038363917,0.0051989784
-761.5533,6,0.32495996,1,0.49808067,0.016625563,0.49808067,0.018551264,0.018311376,0.018204104,0.008298965,0.32495996,0.028980667,0.034198932,0.033788465
-559.91266,7,0.6229011,7,0.6229011,0.0066372035,0.088939026,0.06372149,0.088740624,0.018930854,0.016095856,0.06823635,0.6229011,0.016895568,0.008901912
-126.29498,0,0.8160383,0,0.8160383,0.8160383,0.07569379,0.014200738,0.015275291,0.007651052,0.009370222,0.009107108,0.028735016,0.009592256,0.014336145
-468.04703,0,0.9839115,0,0.9839115,0.9839115,0.007206246,0.0014545949,0.003235622,0.00046190576,0.0006006682,0.0003683039,0.0006579058,0.00010129729,0.0020018811
-908.51306,7,0.9164655,7,0.9164655,0.0005086032,0.030692173,0.0061726733,0.015530189,0.0031344225,0.0022590342,0.020470235,0.9164655,0.0031437387,0.0016234834
-720.17163,9,0.9763287,9,0.9763287,0.0018089368,0.005520809,0.0007081447,0.0017033962,0.0009255968,0.0020795604,0.0023659589,0.0008680247,0.0076908786,0.9763287
-886.0804,8,0.121629655,3,0.5412654,0.007836549,0.1192137,0.015769178,0.5412654,0.06042299,0.020146828,0.037016675,0.06403004,0.121629655,0.012668986
-131.37753,5,0.9423651,5,0.9423651,0.005028929,0.0049378914,0.0060482775,0.0037548773,0.012930024,0.9423651,0.007977767,0.002105024,0.006071897,0.008780119
-320.04028,1,0.36669686,1,0.36669686,0.054455787,0.36669686,0.03911818,0.03759234,0.098312385,0.018795846,0.15741058,0.17725106,0.041512527,0.008854443
-967.46985,7,0.6810687,7,0.6810687,0.003485246,0.040111247,0.0082265185,0.00937384,0.011553399,0.008004546,0.20455778,0.6810687,0.022838242,0.01078046
-427.92175,9,0.6667577,9,0.6667577,0.02050266,0.045606885,0.03775183,0.0056850277,0.011932376,0.020183338,0.15327536,0.029475575,0.008829255,0.6667577
-306.3769,2,0.952094,2,0.952094,0.0045424113,0.007910363,0.952094,0.0047419327,0.003397278,0.0040602284,0.004261322,0.0136215435,0.0014448025,0.0039260867
-53.301147,0,0.97587264,0,0.97587264,0.97587264,0.010872276,0.0015209276,0.0071165776,0.0012128096,0.000685259,0.00049948593,0.00029505612,0.00025638536,0.0016685367
-263.24957,0,0.9628734,0,0.9628734,0.9628734,0.013669811,0.002863392,0.012574829,0.000979196,0.0015141552,0.00070925616,0.0011349976,0.00032403145,0.0033569399
-742.57935,6,0.86695635,6,0.86695635,0.0076148664,0.027905114,0.032183778,0.0016320834,0.006774217,0.011647058,0.86695635,0.030965853,0.006541989,0.007778753
-411.07202,5,0.84899,5,0.84899,0.012414396,0.041062403,0.009870238,0.008025157,0.03880843,0.84899,0.013768363,0.0072941715,0.007265748,0.012501095
-289.24695,5,0.084276736,7,0.46629506,0.008471133,0.17329793,0.0164949,0.010851067,0.11796872,0.084276736,0.022128649,0.46629506,0.07186373,0.028352175
-423.615,5,0.75249773,5,0.75249773,0.009179052,0.10878247,0.010680371,0.005225559,0.032880437,0.75249773,0.018091956,0.033791937,0.013047674,0.015822764
-616.56,9,0.83127046,9,0.83127046,0.0054893782,0.019484969,0.0031945268,0.0049000825,0.0038916413,0.0081961565,0.016516563,0.006049086,0.10100707,0.83127046
-518.74176,2,0.8676039,2,0.8676039,0.0051653367,0.051908206,0.8676039,0.019204123,0.015474465,0.006131287,0.0027105112,0.025932312,0.0020087045,0.0038611428
-492.39374,8,0.009101601,7,0.67521834,0.002822859,0.022397773,0.021580435,0.0056088236,0.054917324,0.0030416732,0.20227931,0.67521834,0.009101601,0.0030318669
-130.49847,5,0.85167885,5,0.85167885,0.019101163,0.030027637,0.012819705,0.009714463,0.032180343,0.85167885,0.011881258,0.0060064234,0.014290076,0.012300075
84.27626,0,0.69223547,0,0.69223547,0.69223547,0.0126995975,0.025049027,0.018038906,0.11292976,0.01530388,0.021617478,0.055867616,0.019283617,0.026974585
-286.81873,7,0.37289613,1,0.3895001,0.0027741704,0.3895001,0.008812106,0.01832444,0.13128874,0.023279067,0.014732788,0.37289613,0.02894715,0.009445295
-481.27545,4,0.20245576,4,0.20245576,0.02915749,0.19067602,0.025184663,0.13876083,0.20245576,0.068371,0.03433117,0.16760415,0.10063346,0.04282545
-567.02344,3,0.8213597,3,0.8213597,0.049709305,0.05146277,0.008505813,0.8213597,0.034247585,0.004119875,0.006977743,0.0029247825,0.010800652,0.009891864
-206.64372,7,0.8276317,7,0.8276317,0.0026195354,0.04990908,0.04473316,0.0325863,0.0050188038,0.0054324847,0.02281315,0.8276317,0.006026721,0.0032290234
-364.51648,7,0.10640565,8,0.35427386,0.05685345,0.05054138,0.05655172,0.09618277,0.08430968,0.06859603,0.028226916,0.10640565,0.35427386,0.09805854
-149.52383,2,0.19488616,7,0.31558165,0.010480215,0.26097256,0.19488616,0.009644142,0.03442779,0.00813817,0.15621695,0.31558165,0.0062602484,0.0033921215
-674.19104,8,0.37753102,8,0.37753102,0.0104436865,0.23558512,0.009265062,0.18977475,0.03618609,0.03927941,0.06596303,0.016202334,0.37753102,0.019769529
-461.4004,3,0.97468776,3,0.97468776,0.0017517919,0.0033425963,0.0030288724,0.97468776,0.006351762,0.0021125928,0.002401387,0.0027895006,0.00065015745,0.0028835505
-135.72491,2,0.09582275,8,0.2841654,0.043483138,0.08617608,0.09582275,0.1204517,0.13773979,0.036412664,0.0073175547,0.10854594,0.2841654,0.07988499
-510.4671,3,0.35088632,7,0.40624198,0.0020656607,0.17038624,0.006487303,0.35088632,0.008540112,0.0073504047,0.018663915,0.40624198,0.02142912,0.007948971
-960.9429,1,0.019288283,7,0.96609324,0.00015768998,0.019288283,0.0012192762,0.0018196291,0.0008793946,0.0005742626,0.008196198,0.96609324,0.0011420536,0.000629922
-490.72784,3,0.87876886,3,0.87876886,0.010149425,0.03656845,0.0064910552,0.87876886,0.035914544,0.006043135,0.006121555,0.0024060982,0.013024453,0.004512325
-100.19722,4,0.90038353,4,0.90038353,0.0060494705,0.0015546129,0.009959695,0.010811457,0.90038353,0.011837897,0.017338006,0.014451656,0.016356517,0.011257129
-599.38306,8,0.63697064,8,0.63697064,0.010895324,0.08106044,0.0066321846,0.2001907,0.020310236,0.014921022,0.011224462,0.011531694,0.63697064,0.0062633418
-381.18063,4,0.17562146,1,0.49104223,0.014523003,0.49104223,0.012645252,0.17680907,0.17562146,0.059484415,0.00985187,0.020883558,0.027664775,0.011474343
-788.72656,6,0.88234895,6,0.88234895,0.00667985,0.003066376,0.06835229,0.0011916029,0.0041705137,0.0068665682,0.88234895,0.008479719,0.00076035334,0.018083692
-338.1114,4,0.9910158,4,0.9910158,0.0014518827,5.3982453e-06,0.0013606392,0.0014435705,0.9910158,0.0006988244,0.0014824797,0.00042640188,0.0011274329,0.0009876526
