uniqueID,real_label,real_probability,predicted_label,predicted_probability,0_class_probability,1_class_probability,2_class_probability,3_class_probability,4_class_probability,5_class_probability,6_class_probability,7_class_probability,8_class_probability,9_class_probability,10_class_probability,11_class_probability,12_class_probability,13_class_probability,14_class_probability
-510.4671,5,0.055766717,10,0.4136742,0.37074426,0.0004923341,0.04545402,3.7183444e-08,0.026589707,0.055766717,0.03337783,0.005112537,1.4121584e-05,0.0037300705,0.4136742,0.0128158815,0.0064613177,0.02576634,6.733145e-07
-320.5786,3,0.9965379,3,0.9965379,4.561971e-08,0.00013383792,0.00020084326,0.9965379,0.0027320816,5.592683e-05,0.00016342991,1.3093575e-11,7.6632756e-11,6.1120764e-10,5.3709577e-05,0.000115693154,1.1111654e-07,1.0855421e-09,6.4183655e-06
-510.32983,14,0.8546037,14,0.8546037,0.00084245706,5.3328564e-09,2.743304e-08,1.8112083e-12,9.411349e-09,2.1586793e-07,1.588063e-08,3.4720026e-07,2.98201e-13,0.14453202,9.795855e-07,5.4851597e-07,2.2303787e-07,1.9552419e-05,0.8546037
-364.51648,12,0.00021695659,13,0.9728909,0.0032413695,0.0036177835,0.00075144053,2.010239e-05,0.00011023834,9.004298e-06,0.0006498892,4.352751e-05,4.558565e-05,1.0490529e-05,0.01520395,0.0007112797,0.00021695659,0.9728909,0.0024773593
21.177338,10,0.0004664959,2,0.9093572,8.618805e-05,0.0006821788,0.9093572,9.752372e-08,0.028964011,0.053370044,0.004108864,4.4777173e-09,0.0011267288,4.381575e-08,0.0004664959,0.0017078022,2.6533928e-05,0.00010373741,2.3341581e-08
-515.1581,0,0.00032485978,7,0.973254,0.00032485978,4.1038853e-05,0.0004875993,7.690636e-08,4.977711e-07,1.0198713e-05,7.15089e-05,0.973254,0.02147737,1.0200313e-06,0.0042901947,3.7709697e-08,4.6273767e-09,4.156345e-05,7.1641146e-08
-391.82968,5,0.6496697,5,0.6496697,0.0014676992,0.0014610564,0.0060128355,4.4733202e-08,0.08765825,0.6496697,0.22557749,1.5349307e-06,0.00034695386,4.0256414e-06,0.0020116998,0.024832748,0.0002855032,0.0006694395,1.0939868e-06
-761.5533,9,0.00017182836,4,0.41636318,0.003241823,0.0019518168,0.045460656,3.1630017e-05,0.41636318,0.096783616,0.2434782,4.321505e-09,2.2562053e-05,0.00017182836,0.0001193735,0.18321466,0.0016906707,0.0010721881,0.006397857
68.10603,8,0.27726203,5,0.57432246,0.010264464,0.008777037,0.06462154,5.7893226e-07,0.012582684,0.57432246,0.034084037,4.4802986e-05,0.27726203,1.347296e-06,0.009485815,0.008190294,0.00033437627,2.8172453e-05,2.7624043e-07
-756.3336,9,0.99510115,9,0.99510115,0.0014730348,1.8015815e-05,5.546309e-07,4.4957915e-08,2.7988658e-06,1.2704093e-06,6.915513e-05,6.319411e-05,3.0333947e-08,0.99510115,0.0018332329,4.4518016e-05,4.184247e-07,0.00021606643,0.0011766821
-602.5476,14,0.5306025,14,0.5306025,0.0016734437,1.1508009e-06,0.00010682666,5.613904e-10,0.050617646,0.0068631615,0.0032289897,9.184177e-07,3.2311425e-07,0.0061320737,0.0014077342,0.117228106,1.2219763e-07,0.282137,0.5306025
-289.24695,8,0.0006362877,2,0.9653428,0.0056820353,0.010931749,0.9653428,5.4528545e-07,0.00030619628,0.0033134548,3.6120968e-05,0.008439867,0.0006362877,0.00029145073,0.0015163478,0.0008105004,0.0024230683,3.5684552e-05,0.00023392115
-663.36664,7,0.99987996,7,0.99987996,8.967126e-08,1.340831e-07,6.246255e-07,1.3214665e-11,4.1573644e-11,1.6568112e-05,4.0009815e-11,0.99987996,0.00010245426,4.418052e-11,1.7273086e-07,3.284029e-09,3.31163e-09,2.856001e-13,1.6027157e-10
-202.5072,11,0.00015216682,5,0.7984115,0.00042714045,0.00043072237,0.007309188,3.8691508e-09,3.680366e-05,0.7984115,2.0966112e-05,0.0015798833,0.19001845,1.8611692e-08,7.4105355e-06,0.00015216682,0.0016050398,6.1802035e-07,5.950905e-08
-198.41745,2,2.4299507e-05,6,0.672861,0.00042543764,8.350583e-06,2.4299507e-05,1.5209068e-11,0.14389133,0.17732659,0.672861,0.00019043266,0.0013960697,1.2779931e-07,0.0028763118,0.00094808324,3.5758845e-08,4.7505127e-05,4.3771975e-06
-11.479713,12,0.00055042753,5,0.7907624,0.040020976,0.0022811277,0.071183555,0.0004193606,0.0005544791,0.7907624,0.00012960483,0.05264713,0.0017232967,5.8949163e-06,0.0388538,0.00079446204,0.00055042753,3.7362803e-05,3.6072845e-05
-588.6149,6,0.004305738,0,0.24296467,0.24296467,0.04647547,0.02098935,7.898808e-06,0.014133695,0.087762125,0.004305738,3.1055446e-05,7.915615e-08,0.14451596,0.23506042,0.16111016,0.02788046,0.014341787,0.00042106348
-501.16766,2,0.0021048796,5,0.6255454,0.0006300714,0.00015634495,0.0021048796,4.445037e-09,0.044679306,0.6255454,0.20314702,1.3274088e-06,0.00014100067,1.17555416e-07,8.9421344e-05,0.12333128,6.258891e-05,8.7201675e-05,2.3973758e-05
-334.10834,12,0.9469142,12,0.9469142,0.00027375136,1.6578677e-05,0.05210398,1.5388713e-07,1.8427085e-05,8.646383e-06,4.2966678e-07,7.5673984e-07,1.3197089e-09,0.00025355964,0.00014303022,0.0001461003,0.9469142,0.000120387034,1.2830134e-08
-441.3368,9,0.0008633794,2,0.36844233,0.25332054,0.0012608557,0.36844233,9.379435e-10,0.075623594,0.096568994,0.01593425,0.0020662274,2.9295048e-05,0.0008633794,0.09812488,0.04916645,0.030047307,0.008538334,1.35751e-05
-559.91266,12,0.8696316,12,0.8696316,0.01836203,0.0010679532,0.012112458,0.003802187,0.0028902146,0.035957057,0.00030452356,5.4542634e-06,9.907002e-07,0.0001374161,0.0060980786,0.049485013,0.8696316,0.000144877,5.5104522e-08
-736.0598,13,0.011803893,10,0.6198943,0.2623564,7.217715e-05,0.010917619,3.0321143e-09,0.021838348,0.06677123,0.0038889118,5.3736527e-05,8.450468e-07,1.1769708e-06,0.6198943,0.0023717764,4.3720142e-06,0.011803893,2.5193416e-05
-126.29498,1,0.8164044,1,0.8164044,0.00584528,0.8164044,2.2158172e-05,1.0545632e-05,0.0010320022,0.0018615169,0.0008504382,3.0494084e-07,5.194582e-08,0.0005723788,0.0028710216,0.17035908,6.5564775e-05,9.1815666e-05,1.3412877e-05
-98.75273,8,0.8021228,8,0.8021228,0.02541328,0.0031082905,0.13188621,8.770708e-10,0.00034164012,0.011787933,0.0048609506,1.5942045e-06,0.8021228,0.00010145903,0.013691284,0.004799451,1.3847374e-06,0.0018792322,4.5283314e-06
-243.34366,10,0.3315215,2,0.40290907,0.0063155154,0.007856723,0.40290907,2.205622e-08,0.0962113,0.019818502,0.12375743,5.359136e-05,0.006845141,4.930877e-06,0.3315215,0.004131249,7.0763866e-07,0.00057016755,4.20569e-06
-293.46466,3,0.9995204,3,0.9995204,3.2580015e-06,0.00012214745,4.4379423e-05,0.9995204,5.6992616e-07,1.3297672e-07,7.0759183e-06,5.290188e-09,5.655188e-06,8.199613e-11,6.624589e-05,4.039623e-06,0.00022523849,9.684227e-07,6.0161938e-09
-136.67554,6,0.000459505,5,0.99684274,0.00040182684,1.4306953e-05,1.687426e-05,2.2253076e-10,0.00034258596,0.99684274,0.000459505,0.00012266345,3.3084765e-05,4.4203494e-09,0.0008674834,0.0008984658,2.3345446e-07,3.2414647e-08,1.6432483e-07
-339.99545,3,0.0016721075,5,0.67263687,6.1889256e-07,9.949671e-09,0.0002386397,0.0016721075,6.44566e-05,0.67263687,1.218883e-07,1.1537468e-07,4.692522e-12,1.1433645e-12,0.02126633,6.450312e-06,5.480288e-12,1.5755253e-09,0.30411425
-354.10706,6,0.008726395,5,0.93834007,0.008033452,2.294627e-05,0.003995225,1.3083237e-08,0.005671911,0.93834007,0.008726395,0.0010847246,3.823756e-05,5.025025e-07,0.024733638,0.00868842,0.00036684016,0.00029755128,1.9597083e-08
-567.02344,5,0.78523713,5,0.78523713,0.0004496588,0.0026337653,0.0024017678,9.0383445e-10,0.017789127,0.78523713,0.006351758,1.4020234e-06,3.3843957e-08,6.682536e-07,0.0071123126,0.17800319,1.7013251e-06,1.17963555e-05,5.7577595e-06
-369.383,7,0.037911117,1,0.84104353,0.00064929103,0.84104353,0.053802893,1.5676036e-07,0.0060307463,0.00031829524,0.012553653,0.037911117,0.000584809,1.283688e-05,0.038755007,0.008054283,0.00020403383,7.244994e-05,6.890353e-06
-264.95337,4,0.008223742,10,0.48754972,0.3120317,0.0005093257,0.0013107421,4.2736838e-06,0.008223742,0.030736255,0.005934399,2.4066308e-06,2.4904352e-09,0.002547769,0.48754972,0.0068669487,8.875163e-06,0.08111095,0.063162945
-616.56,14,0.9999684,14,0.9999684,1.3061207e-05,3.6363773e-11,1.786461e-07,2.9502166e-13,9.201904e-12,1.5831636e-09,2.8894003e-12,2.1907283e-11,5.0564297e-17,1.656095e-05,3.041501e-08,2.8705235e-10,4.827697e-09,1.7591663e-06,0.9999684
-162.74136,4,0.03142421,5,0.92961305,0.00026846884,6.39454e-06,5.5827068e-06,1.9314265e-10,0.03142421,0.92961305,0.037512276,1.8656384e-06,0.0001379327,4.469665e-09,0.00079572614,0.00023364917,5.5242078e-09,2.0532487e-07,5.550406e-07
-282.03964,11,0.6458905,11,0.6458905,0.0019231609,0.31279278,0.00059314,2.8616884e-07,0.0076723485,0.00026793545,0.023430122,1.450673e-07,3.1893947e-07,0.00013235847,0.0024171234,0.6458905,5.8107383e-07,0.00025673793,0.004622499
-135.49911,0,0.00044310017,8,0.967227,0.00044310017,8.5091284e-07,0.0018122401,1.9356668e-10,0.00023021211,0.024726273,0.0012486808,4.1804006e-07,0.967227,8.804152e-08,9.581432e-07,8.699345e-05,0.004122557,0.000100525234,2.3882345e-09
-332.35764,13,0.99956566,13,0.99956566,6.180563e-08,5.4115427e-15,0.0004296809,5.271151e-12,2.053394e-08,9.547843e-12,1.8043046e-13,2.9271274e-10,5.251362e-12,4.4206097e-10,4.452699e-06,9.358762e-12,3.373115e-10,0.99956566,1.0818651e-07
-318.8057,3,0.99952364,3,0.99952364,1.736032e-05,1.2237614e-08,1.1110413e-07,0.99952364,1.4367491e-08,1.1997724e-06,2.279486e-08,6.746381e-08,8.141826e-10,1.164304e-10,0.0004573022,2.2282153e-08,1.8757237e-07,2.3922306e-09,1.8252658e-10
-1037.0001,12,0.9987828,12,0.9987828,3.523359e-07,2.2614374e-06,0.0010865268,2.084055e-10,1.4401107e-08,5.948164e-10,2.2751987e-09,0.0001271314,1.2246768e-07,6.2213616e-07,1.1176764e-09,7.051377e-08,0.9987828,1.711831e-07,1.0782943e-09
-542.9119,13,0.001603803,9,0.9941136,0.0005824076,1.0268639e-08,2.464004e-05,7.949164e-10,3.0703305e-08,2.0023965e-08,1.2112824e-09,2.6481857e-07,1.03273814e-13,0.9941136,1.3802169e-05,3.050224e-07,0.0005191836,0.001603803,0.0031419627
-294.86023,5,0.9833424,5,0.9833424,0.0012887112,3.7373934e-07,0.00010269275,8.069917e-10,0.00088959496,0.9833424,0.0008217273,0.004642602,0.00012509171,1.7190165e-07,0.008677688,0.000108481916,1.1791512e-08,2.9200794e-07,1.8054514e-08
-156.27478,2,0.11194504,5,0.4100254,0.0512975,0.358549,0.11194504,1.5165883e-06,0.0060502663,0.4100254,0.02559619,4.705171e-05,0.0058726813,2.1028301e-05,0.014863492,0.015331125,0.00021883861,0.00016650191,1.4421274e-05
-767.19653,13,0.16967787,10,0.36172336,0.3395231,2.9680468e-05,0.05613199,1.551597e-10,0.026924433,0.020883435,0.018911202,0.0044044717,1.8807345e-05,0.000781043,0.36172336,0.00040046126,0.0005898352,0.16967787,2.3888873e-07
-478.00995,5,0.23356658,11,0.27019587,0.09049548,0.002817806,0.2128407,2.3947385e-07,0.10295391,0.23356658,0.031480312,5.6119676e-05,1.2005566e-05,0.00040888746,0.01747156,0.27019587,0.033471365,0.00422332,5.819997e-06
-905.1408,0,0.0093477825,11,0.27525362,0.0093477825,0.0022948587,0.19310658,1.9434648e-07,0.11161724,0.11689792,0.019173723,2.9344394e-06,5.6508376e-05,0.00020977226,0.0011527934,0.27525362,0.26991108,0.0009728662,2.124095e-06
-543.5402,14,0.9847001,14,0.9847001,0.0011290539,1.3957206e-08,1.9694375e-05,2.0080087e-13,0.00014373873,6.5955564e-06,4.255622e-06,5.820502e-10,1.1305617e-10,1.2155079e-05,3.0027242e-05,9.517136e-05,1.4253073e-09,0.013859176,0.9847001
-640.99036,7,0.99999523,7,0.99999523,2.656252e-08,4.892738e-08,2.9024806e-08,5.3637806e-12,2.2963784e-13,1.6394654e-06,5.01638e-14,0.99999523,2.986866e-06,2.0076395e-11,3.6213844e-08,5.8139116e-10,1.1259851e-09,1.9291228e-15,8.740917e-12
-884.9061,9,0.9977945,9,0.9977945,0.00215617,3.9529277e-07,8.485159e-06,7.4361756e-10,2.722535e-10,3.8535623e-11,3.084454e-10,1.1502973e-05,2.3437028e-13,0.9977945,5.374487e-06,3.840344e-09,2.2210912e-05,1.2620027e-06,4.6992724e-08
108.63576,10,0.2806649,0,0.42487708,0.42487708,0.027236367,0.00038452094,1.4417851e-05,0.0010301302,0.013578197,0.012274839,1.8815472e-05,2.1429027e-05,6.461355e-05,0.2806649,0.013139568,6.908435e-05,0.22562082,0.0010053113
-485.76855,3,0.9980661,3,0.9980661,2.5978652e-06,4.834292e-05,2.1813523e-05,0.9980661,7.2796006e-06,0.0004394503,1.0233976e-05,3.1276505e-07,8.518688e-10,8.095258e-11,0.0012270716,1.1306738e-05,3.1412544e-09,1.265838e-07,0.00016543457
-570.2228,10,0.01133735,2,0.9877322,0.00021193444,0.00018345632,0.9877322,8.597185e-11,1.0289107e-05,2.514291e-06,5.537304e-07,1.2446535e-08,8.086685e-10,0.00010797108,0.01133735,2.7124295e-05,3.4914947e-07,0.00038610544,1.0049513e-07
-474.03778,6,0.0066239364,5,0.7938558,1.3721979e-05,1.6811246e-06,0.0004951752,4.2566958e-10,0.19777091,0.7938558,0.0066239364,1.8325727e-08,6.3410045e-07,3.7185394e-10,3.892832e-06,0.0011868314,4.6792124e-05,6.197702e-07,3.9084913e-09
-421.34686,5,0.8433445,5,0.8433445,0.0002516578,8.5951015e-06,3.919179e-05,2.9521832e-10,0.1097652,0.8433445,0.037587203,5.7617314e-07,2.63481e-07,1.0602789e-09,0.008337943,0.000664599,6.6216828e-09,2.5330462e-07,7.884975e-10
-822.76953,10,0.31295097,2,0.44498476,0.0020441653,0.00023193337,0.44498476,1.5305883e-10,0.0013841734,7.4378695e-05,0.02065626,0.00022150704,0.003085912,3.0834948e-05,0.31295097,4.3429958e-05,6.572836e-07,0.21428935,1.6509396e-06
-666.8779,12,6.335074e-05,9,0.56679296,0.05534011,0.00039361013,4.027674e-05,5.1139585e-07,5.7095513e-05,0.003045409,0.033074867,0.14327818,2.4273135e-05,0.56679296,0.033925768,0.00016326398,6.335074e-05,0.051114973,0.11268531
-340.08185,7,3.183017e-05,5,0.5040179,0.0012586773,4.4180674e-06,0.0014289707,2.5251143e-10,0.25063425,0.5040179,0.23912473,3.183017e-05,4.166457e-05,4.871395e-08,0.0018844965,0.0004047451,1.4461864e-07,2.6099444e-05,0.0011420678
-954.27124,12,0.99429953,12,0.99429953,6.6689363e-06,4.0123377e-06,0.005528998,1.6504907e-09,6.023951e-08,1.4908816e-08,7.673098e-09,0.00013469713,6.754745e-08,2.4728932e-05,7.070856e-08,2.950503e-07,0.99429953,7.9197946e-07,2.084762e-08
-628.254,1,0.55385274,1,0.55385274,0.0035037482,0.55385274,0.0035950115,1.5321768e-07,0.040443957,0.021389274,0.006161586,6.813638e-06,1.0842574e-06,8.678627e-05,0.0026459892,0.36821958,3.447073e-05,4.209585e-05,1.6738968e-05
-428.42444,5,0.9714065,5,0.9714065,0.0011881099,6.678804e-07,3.048491e-05,3.5857368e-09,0.013409545,0.9714065,0.003478526,2.5765457e-06,6.34884e-07,9.285454e-08,0.008954048,0.00151838,9.264611e-07,9.630111e-06,2.3374824e-10
-82.18443,8,0.9816758,8,0.9816758,0.010747085,9.4206797e-07,2.4347073e-05,7.473726e-12,1.3413929e-05,0.0022178004,0.00067548867,0.0010556631,0.9816758,0.0029142594,0.000538583,7.369589e-05,7.602679e-08,3.191694e-05,3.100327e-05
-134.8214,3,0.23785074,11,0.32114705,1.5663776e-05,0.057831813,0.2821379,0.23785074,0.013058856,0.002451518,5.19191e-08,3.540872e-10,1.1264461e-17,4.238872e-06,0.0013086239,0.32114705,0.0005418695,7.482977e-08,0.08365168
-289.62094,8,0.9955713,8,0.9955713,7.71576e-06,3.6094832e-09,2.1108677e-05,8.971669e-13,8.086517e-08,0.004345771,1.2636348e-06,5.1789335e-05,0.9955713,3.9098156e-09,7.988035e-07,9.843125e-08,2.4587663e-08,1.6761318e-08,1.6944264e-10
-306.3769,3,0.997364,3,0.997364,1.937758e-06,7.19286e-05,0.001129383,0.997364,1.0095666e-05,0.00014051062,3.286737e-05,2.2477967e-07,0.00033703318,2.8739388e-11,0.00036770676,3.12877e-05,0.0005106707,2.3984226e-06,9.1931245e-09
-435.13922,14,0.9994986,14,0.9994986,5.0702206e-06,1.2555205e-12,2.777964e-09,1.1016092e-10,8.282549e-12,1.0285008e-09,1.9027956e-11,2.621593e-10,1.5998264e-14,0.00049271184,3.3986443e-09,3.753805e-10,9.188201e-08,3.5355197e-06,0.9994986
-601.7197,12,0.00039807093,0,0.92010355,0.92010355,2.1734384e-05,0.00019264476,6.2632246e-09,1.0937503e-05,7.351932e-05,0.00017103863,0.00449092,9.844211e-07,0.058555964,0.013967678,9.5039584e-05,0.00039807093,0.0019158919,2.0814039e-06
-302.2564,3,0.34165895,10,0.4904921,0.00021745879,1.8895246e-07,9.2762944e-05,0.34165895,0.00016798488,0.0020852622,0.03124173,0.00047124524,2.6422057e-07,6.2192558e-09,0.4904921,1.197475e-07,7.971526e-10,0.00031501416,0.13325694
-673.37317,11,0.40554392,1,0.5136661,7.19571e-05,0.5136661,0.015550942,4.3017753e-08,0.059176505,0.0046128747,0.0008761256,1.0318551e-08,2.574273e-09,5.668607e-07,0.00048595745,0.40554392,7.3845304e-06,6.527411e-06,1.0469367e-06
-11.379494,8,0.9999398,8,0.9999398,3.0347164e-07,7.6510803e-10,9.1316764e-07,1.1141367e-13,2.0931408e-11,3.5993915e-05,4.5082132e-10,2.2756676e-05,0.9999398,1.623305e-10,1.8070143e-07,3.5938086e-10,1.3635149e-10,1.4330234e-10,2.7537317e-12
-368.54224,2,0.15918128,11,0.43726745,0.010480307,0.3008431,0.15918128,2.7947108e-05,0.0064600524,0.004941539,0.0021657418,5.5444247e-07,3.6127597e-07,0.010047404,0.0015999405,0.43726745,0.065981984,0.0007065317,0.0002957894
-272.71085,6,0.113711625,4,0.78929853,0.00023659687,8.589925e-05,0.01620243,0.0010671191,0.78929853,0.06429509,0.113711625,0.00018267121,0.0025804944,1.14724074e-07,0.005166465,0.004560513,0.0025362729,7.609693e-05,4.2916703e-08
-450.4566,5,0.0001230131,2,0.9134917,0.07930125,0.0046333694,0.9134917,6.516893e-10,1.4965117e-06,0.0001230131,2.6133785e-07,0.0002034759,2.0890546e-07,0.00059406814,0.0010257126,7.588955e-06,0.00055937044,5.2333093e-05,6.1490177e-06
-891.50037,14,0.9794087,14,0.9794087,0.011082184,3.3485883e-08,5.5937053e-05,1.3809528e-12,8.63833e-07,2.6584291e-06,1.77388e-05,5.7928814e-06,5.5030476e-08,0.0007543995,0.0002486723,4.3259854e-07,1.3708676e-08,0.008422499,0.9794087
-937.28674,14,0.9999994,14,0.9999994,1.385579e-07,1.1217442e-11,3.3264982e-09,4.4365187e-14,3.9972506e-10,4.502149e-10,1.9959359e-09,7.31714e-13,2.965766e-14,2.0091744e-09,7.2827775e-09,1.05687556e-10,1.1049778e-13,4.6593823e-07,0.9999994
-518.74176,3,0.9999975,3,0.9999975,2.3229899e-07,3.521204e-09,3.111433e-08,0.9999975,5.129782e-10,2.0418538e-09,7.1753786e-10,7.629407e-12,6.042991e-13,3.2620905e-12,2.2820657e-06,1.7312438e-09,2.5095565e-08,4.3720274e-11,2.5619682e-12
-691.6768,11,0.1528357,1,0.80306935,0.00026303317,0.80306935,0.040509287,2.9300516e-08,0.0009471502,0.00020428331,1.3879993e-05,9.831318e-10,2.1193646e-11,0.00011643421,0.0017020395,0.1528357,3.1722848e-05,0.00013826891,0.0001687548
-292.8531,1,0.025336042,13,0.5035597,0.018722381,0.025336042,0.27159178,3.9106562e-09,0.00059906696,5.0131235e-05,0.006444915,4.986467e-06,2.136479e-06,0.00036037687,0.17238705,0.00044802477,1.1411345e-06,0.5035597,0.0004922807
-393.7921,13,4.7294847e-07,5,0.76164716,0.00041375592,0.007457806,0.00033783368,1.5213442e-07,0.07929085,0.76164716,0.04893655,2.7595814e-07,4.2180826e-08,4.160314e-08,0.014719131,0.08718768,1.1329756e-08,4.7294847e-07,8.3405175e-06
-232.5159,3,0.99998784,3,0.99998784,4.583841e-06,4.5315973e-09,2.8745655e-08,0.99998784,2.7202898e-13,2.5053568e-12,3.0345216e-14,2.1264056e-13,1.0827418e-17,2.6634197e-09,1.0265274e-07,1.4025887e-10,7.5440103e-06,4.2249624e-12,1.5816616e-12
-625.9077,10,0.016087575,1,0.47303,0.029302819,0.47303,0.45332214,1.532755e-07,2.91813e-05,1.3738486e-06,1.1544079e-06,0.00017355493,4.734232e-06,0.018327115,0.016087575,9.735832e-05,0.008063661,0.0015591154,5.4374347e-08
-326.36298,6,5.955413e-09,2,0.89161927,0.08706522,0.00069156516,0.89161927,7.5791255e-11,3.226246e-08,0.00010222503,5.955413e-09,0.00017835044,4.8780184e-06,0.0144850705,0.005517878,1.8327299e-06,0.00024391102,8.9801426e-05,3.8229313e-09
68.09233,2,0.9454613,2,0.9454613,5.064491e-06,0.047539305,0.9454613,5.7998648e-08,0.0004195367,0.00031026092,0.0027343335,1.4123379e-08,0.0018788937,5.0792505e-07,0.0002787127,0.001160498,6.866671e-05,0.00014242598,2.8027395e-07
-355.5274,8,0.22494894,10,0.40269575,0.045565393,4.340263e-06,0.015798595,1.5063977e-09,0.23156528,0.04827572,0.027599312,0.00034689636,0.22494894,0.00031657968,0.40269575,0.0021009522,2.4758318e-08,0.0007071672,7.511073e-05
-165.25505,12,0.07391932,2,0.91720194,0.00030337842,0.0005004551,0.91720194,1.7728556e-06,2.7073032e-05,1.4636379e-06,2.532141e-05,1.948738e-06,0.00010123774,1.6709317e-05,0.00088885834,8.656565e-05,0.07391932,0.0069239377,3.399722e-08
-724.7803,7,0.999345,7,0.999345,1.2068846e-08,1.09812675e-08,2.3936997e-07,3.870662e-10,2.475364e-09,4.6086686e-09,8.592327e-09,0.999345,0.0006546496,1.2101128e-10,7.3123005e-08,2.0442176e-10,4.12897e-09,1.776391e-08,5.138263e-09
-430.09442,5,0.4565277,5,0.4565277,0.005354107,2.5135985e-05,0.00072165206,1.7387881e-10,0.23419131,0.4565277,0.27247286,0.0015185049,1.3634123e-05,6.1100104e-07,0.026475772,0.0026648738,4.0781873e-07,3.3293865e-05,1.5407903e-07
-636.7859,9,0.99999046,9,0.99999046,6.0966363e-06,1.0693104e-09,2.8275113e-10,8.5969853e-10,1.3725786e-10,2.912124e-10,4.903142e-11,1.0951257e-09,5.8246877e-16,0.99999046,6.4154773e-07,1.0973452e-07,2.1088185e-08,3.2724359e-09,2.671505e-06
-392.25244,9,0.13828379,0,0.3779906,0.3779906,2.9908302e-05,0.0013705869,0.0005119946,0.018852767,0.11978826,0.0057801516,3.9779796e-05,6.446733e-07,0.13828379,0.076417245,0.004821014,0.22852091,0.027570775,2.1599084e-05
-368.93405,8,0.95662314,8,0.95662314,0.00012545823,4.953551e-07,7.770929e-05,4.371424e-10,1.926927e-06,0.0039640544,6.5017644e-05,0.039024096,0.95662314,1.0730397e-08,0.000117557734,4.6472832e-07,1.0846617e-08,9.9923014e-08,1.7987897e-08
-207.29955,5,0.46979868,5,0.46979868,0.028168049,0.010877223,0.06431131,1.1832805e-05,0.13204058,0.46979868,0.14591034,0.00046492153,1.4536427e-05,7.33402e-05,0.13172387,0.012501122,0.0004056098,0.0036927762,5.8346145e-06
-527.4168,11,0.031035097,1,0.939321,0.020399962,0.939321,0.0008912899,3.1380927e-07,0.00021142943,0.00019968432,2.0214364e-05,7.137057e-08,1.2025134e-10,0.002236896,0.005330903,0.031035097,4.3828004e-06,9.703501e-06,0.00033906064
-77.877686,13,0.0014305835,8,0.9532027,0.0002073687,4.6168225e-12,1.9491588e-09,2.634271e-07,2.6341957e-05,0.040331878,0.0043685436,0.00021037972,0.9532027,1.45288595e-05,3.660537e-05,0.00014292928,2.7836852e-05,0.0014305835,1.03690425e-08
-307.6372,10,0.044608053,3,0.9371098,0.0038524654,4.49729e-06,0.0006980715,0.9371098,1.06795e-05,3.627688e-05,0.0002440503,2.555571e-05,0.00010188638,6.43503e-09,0.044608053,7.950079e-06,0.012958689,0.00034197888,1.6601936e-09
-492.39374,13,0.008459258,7,0.9879799,0.0004909835,9.647891e-06,0.00013223467,1.2361593e-07,2.1160583e-08,1.3503061e-10,1.8911048e-07,0.9879799,6.95813e-07,0.0026320938,0.00020529228,4.7931104e-09,8.310631e-05,0.008459258,6.452921e-06
-411.07202,8,0.7247705,8,0.7247705,0.034784835,8.507014e-06,0.013502377,1.3461584e-09,1.0104255e-07,0.21724066,6.735663e-08,0.0044229734,0.7247705,0.00011333344,9.65212e-06,1.5591055e-05,0.0051308805,2.558068e-07,3.3257265e-07
-657.18805,13,0.038037382,10,0.5419485,0.3590875,5.811228e-06,0.009992761,4.871817e-10,0.00246861,0.0016230847,0.007201045,0.03889436,7.970054e-05,0.0005311305,0.5419485,0.00012609213,3.3412473e-06,0.038037382,6.5797326e-07
-86.93526,0,2.3387033e-06,2,0.891651,2.3387033e-06,0.004631006,0.891651,2.7123042e-06,3.5607814e-06,4.1049198e-06,1.5773525e-05,2.4953604e-06,0.09608227,2.8241786e-07,5.6598915e-06,3.283679e-06,0.007570621,2.485024e-05,1.6582069e-10
-735.5587,11,0.5949485,11,0.5949485,0.0017619714,0.010952652,0.04295734,0.00018474399,0.14690016,0.16798936,0.016069109,1.0823211e-08,1.2517098e-05,1.6065384e-06,1.4674989e-05,0.5949485,0.017929815,6.765782e-05,0.00021001034
146.23961,10,0.0031620055,13,0.843598,0.0032099746,0.00061876094,0.12763546,1.217128e-06,0.0014722442,0.0002883963,0.0023258468,1.7121325e-06,0.00011487536,0.00012064753,0.0031620055,0.002808924,0.014639403,0.843598,2.4931296e-06
-626.9623,14,0.9999999,14,0.9999999,8.064522e-08,3.0280816e-11,4.7261552e-11,6.745694e-16,1.7456168e-11,1.2775239e-09,2.3003817e-10,1.3137271e-13,6.730121e-15,3.079092e-09,2.1538744e-09,5.6258668e-11,1.08308334e-13,5.5426806e-08,0.9999999
-684.1221,11,0.6769593,11,0.6769593,0.0006455559,0.2884247,0.00074828573,1.7132784e-07,0.023111394,0.005847882,0.0008784648,2.5013058e-08,1.561662e-09,4.098772e-06,0.0033765524,0.6769593,5.367929e-07,1.9778835e-07,2.8346833e-06
-704.66406,9,0.8628603,9,0.8628603,0.016358633,0.0001478886,5.987532e-05,7.403059e-06,0.0038170447,0.00076353556,0.021240829,0.00015506826,3.3116405e-05,0.8628603,0.08440972,0.008653894,2.7371017e-05,0.0013975437,6.775051e-05
-779.3545,12,0.9969644,12,0.9969644,0.0011498848,3.8009145e-07,0.0011641941,1.7350559e-06,1.061558e-05,0.00053897535,7.048262e-07,1.561951e-05,2.3347582e-07,6.651479e-06,2.8599812e-05,8.708889e-05,0.9969644,3.0940584e-05,1.0265645e-09
-174.32892,8,0.9999963,8,0.9999963,1.0157558e-07,3.8070974e-10,4.7418933e-08,2.7973268e-14,4.5468234e-12,3.2539372e-06,2.778323e-10,2.6455473e-07,0.9999963,3.0133418e-09,1.0218233e-09,4.386335e-09,1.2145248e-08,4.9503657e-10,3.4362227e-12
-130.49847,8,0.9999989,8,0.9999989,1.9014021e-09,9.738651e-12,1.5188908e-07,2.7442322e-15,6.9093208e-12,7.552527e-07,1.4775767e-10,3.7145866e-09,0.9999989,4.274896e-11,2.2726363e-12,6.712425e-11,8.323398e-08,6.5995437e-10,1.2196971e-13
-967.46985,12,0.8108631,12,0.8108631,0.025896495,0.00023634495,0.056442384,6.528957e-07,4.1551197e-05,3.8390368e-05,1.0417939e-05,3.3020955e-05,3.5122188e-08,0.09716665,0.006366052,0.00020230256,0.8108631,0.0026995896,3.0976992e-06
-320.04028,2,0.8339633,2,0.8339633,0.00263701,0.010421016,0.8339633,4.7168731e-07,0.00050017564,2.0901327e-06,7.291083e-05,2.4820432e-05,1.0039059e-05,0.0131114535,0.00024524704,0.00014584538,0.12197609,0.01688828,1.2409114e-06
-334.00226,13,0.019180467,8,0.8001337,0.0088678235,1.457998e-07,0.0038820764,6.5175636e-11,0.0017548891,0.0019862482,2.377044e-05,0.0003955111,0.8001337,9.051435e-05,0.16361524,6.7960806e-05,7.9182105e-10,0.019180467,1.6892416e-06
-760.6719,9,0.020183288,12,0.8826571,0.0059835357,0.0020146412,0.08826462,2.6663695e-06,7.5422417e-06,1.4078162e-07,1.43300185e-05,4.7401696e-05,1.2155802e-05,0.020183288,9.577108e-06,0.00010160307,0.8826571,0.0006771498,2.4163406e-05
-474.5279,13,0.15489751,4,0.675182,0.010582078,2.2780814e-07,0.032499883,1.0651792e-10,0.675182,0.047803883,0.002374941,3.859121e-06,9.6046515e-06,6.3636554e-07,0.062339373,0.014299723,2.3640514e-06,0.15489751,3.832085e-06
-352.32843,5,0.5850141,5,0.5850141,0.0015187559,3.670629e-05,0.0002786757,2.1737998e-10,0.32677624,0.5850141,0.06494939,7.741508e-06,3.6227086e-06,1.2580472e-08,0.015651071,0.0057599843,1.8798818e-07,3.5035725e-06,5.4147478e-09
-816.24286,12,0.86718607,12,0.86718607,0.04517973,0.00019206657,0.032965135,2.5633823e-05,0.00081800355,0.0148989055,0.00012677233,0.0005738764,2.938342e-06,0.0005926751,0.032346036,0.0037475333,0.86718607,0.0013444548,2.4466888e-07
-502.8713,4,2.6633595e-11,14,0.9999987,1.790923e-07,6.797061e-13,2.5570446e-09,8.196763e-15,2.6633595e-11,4.7331006e-09,3.732878e-11,2.7049697e-12,2.698968e-14,6.3410948e-09,5.0090674e-09,1.2892419e-10,2.21061e-12,1.0290199e-06,0.9999987
-627.55493,10,0.0046236473,11,0.6702498,0.00035731672,0.1355869,0.0009870123,3.7973948e-07,0.12760505,0.057810754,0.002777871,1.280258e-09,3.5461498e-09,3.1781235e-07,0.0046236473,0.6702498,7.6906126e-08,8.43228e-08,8.3422594e-07
-757.1728,1,0.97104585,1,0.97104585,0.0016306395,0.97104585,0.0028940665,1.3292768e-07,2.3782752e-05,2.9583703e-06,9.010229e-06,4.1870677e-05,2.727071e-08,0.00012615304,0.0056220004,0.018345587,0.00024223034,1.5452018e-05,9.852943e-08
-708.52185,12,0.9998325,12,0.9998325,1.316334e-05,1.0508735e-08,0.00014680854,1.1202178e-09,6.3380344e-07,1.2851442e-06,4.6570918e-08,2.0450287e-07,1.3266313e-07,1.8660133e-08,2.371715e-08,3.3088072e-06,0.9998325,1.9260935e-06,1.0177239e-12
-208.11,5,0.99185103,5,0.99185103,0.00056463457,4.489577e-08,1.7112919e-06,1.5102888e-10,0.0003347256,0.99185103,0.0001375866,0.0013577691,1.0035094e-05,3.6935962e-08,0.0056634336,7.8938465e-05,4.951112e-10,2.0357048e-08,3.3358216e-09
-503.17303,7,0.99595296,7,0.99595296,9.665937e-11,1.0260821e-10,2.2547193e-09,3.1275503e-13,8.92895e-18,0.003977212,1.5728985e-20,0.99595296,6.983441e-05,6.5307752e-15,1.7241292e-10,1.4186973e-11,6.616322e-11,1.3976413e-21,9.714915e-15
-1180.1235,9,0.0083295945,0,0.8941973,0.8941973,2.0878759e-05,0.07353576,7.830316e-05,0.00017287397,4.4359876e-05,5.5798814e-06,1.2422982e-05,9.134937e-10,0.0083295945,0.019711139,0.00024881368,0.0036188834,7.5557587e-06,1.6535432e-05
-169.2553,2,0.0061519286,11,0.7940829,0.110862106,0.0070510213,0.0061519286,6.906978e-05,0.00943548,0.060454175,0.005576775,1.4531115e-06,9.105275e-06,0.00011501473,0.002629474,0.7940829,0.0032791346,0.0002509971,3.142694e-05
-674.19104,13,0.6740723,13,0.6740723,0.02895883,8.131744e-06,0.10242044,4.0340284e-10,0.0035012006,0.00010642882,0.0021641206,0.0012388437,0.0001003751,2.1672018e-05,0.18637453,2.3984503e-05,1.3081464e-07,0.6740723,0.0010089733
-1007.5597,9,0.49671057,9,0.49671057,0.029560218,0.0030122565,0.003348021,0.0048422264,4.184292e-06,7.719458e-06,7.339025e-10,2.550278e-11,1.0192251e-18,0.49671057,0.023983017,0.0005087506,1.0899302e-05,2.1220108e-08,0.43801203
19.410362,1,0.9984572,1,0.9984572,9.227774e-05,0.9984572,7.675615e-08,2.2438208e-07,6.85333e-08,9.0986614e-05,9.914545e-07,1.6839644e-09,1.05545704e-10,8.608883e-08,4.2242875e-05,0.0013151756,1.0114276e-08,1.00850194e-07,6.108972e-07
-282.0798,1,0.0005424631,5,0.7921126,0.00042062064,0.0005424631,0.0008429364,2.3242214e-06,0.109684795,0.7921126,0.08504374,4.988692e-07,2.6455546e-06,1.4409552e-08,0.0058085513,0.005538226,4.957303e-08,3.6302714e-07,1.04587016e-07
-95.36192,13,0.01904019,3,0.62117845,0.0075717033,0.0004478906,0.0013462588,0.62117845,1.11498875e-05,5.6009158e-06,0.0045789503,3.85269e-05,0.23806459,0.0013256343,0.10488272,1.4428436e-05,0.0014934948,0.01904019,5.337786e-07
-887.0663,14,0.99999976,14,0.99999976,6.2120556e-08,1.9097321e-11,1.6567169e-09,1.394114e-13,4.6249252e-10,1.8427822e-11,2.682707e-10,6.074542e-13,1.6032958e-14,2.401757e-09,1.4080698e-08,5.5513927e-10,1.0500001e-14,1.3290709e-07,0.99999976
-58.813377,2,0.04443159,5,0.7067892,0.00073932717,0.0011727618,0.04443159,7.258757e-11,0.0002919037,0.7067892,5.3967513e-05,1.162984e-05,0.24460809,7.8475665e-08,0.0012801008,0.00062113896,2.1183337e-07,2.3587262e-08,3.3198262e-09
-858.9764,14,0.9489812,14,0.9489812,0.026370723,4.426574e-06,6.3344254e-05,5.0542863e-09,2.701388e-06,6.147451e-07,8.432609e-05,1.8851148e-05,2.3595538e-08,0.00029608738,0.0019905893,1.3326518e-05,8.349507e-10,0.022173742,0.9489812
-255.40529,5,0.0015586751,14,0.7056984,0.020284085,0.0050818245,0.0055736653,6.16353e-08,0.13550714,0.0015586751,0.0044938354,2.2873007e-07,6.8970285e-10,0.00021249887,0.08818164,0.031774785,1.1839315e-08,0.0016332485,0.7056984
-509.41312,5,0.34253007,4,0.51431775,0.00075423444,0.00023826052,0.0005153861,1.1474943e-10,0.51431775,0.34253007,0.033033613,9.860393e-07,2.2594965e-07,5.516068e-08,0.09806111,0.010532321,1.1023159e-07,1.591564e-05,1.7818476e-08
-545.0203,3,0.9999994,3,0.9999994,1.518572e-10,4.000092e-08,1.2817983e-07,0.9999994,3.0612655e-09,3.552158e-10,1.0460005e-09,8.081273e-15,4.2879925e-13,4.695654e-16,4.210224e-07,9.767875e-09,8.217888e-11,6.196464e-13,3.213296e-14
-131.37753,8,0.9999691,8,0.9999691,3.0617173e-08,9.193933e-11,2.556367e-07,1.2988795e-13,4.8936645e-12,2.9264038e-05,1.996697e-10,1.3351744e-06,0.9999691,2.1270695e-11,1.7232354e-09,2.8344868e-10,4.929326e-09,1.9259037e-11,4.2530012e-13
-298.40414,0,1.0513068e-05,8,0.93466085,1.0513068e-05,3.8586424e-07,0.00054332666,3.346028e-10,3.4089346e-05,0.00018121774,4.9047758e-05,0.06450476,0.93466085,3.7068144e-08,1.645344e-06,2.2926108e-07,6.690222e-06,7.2180114e-06,4.5022766e-08
-558.8168,6,0.4428099,6,0.4428099,0.005093815,1.0710197e-05,0.0011002403,3.7873593e-12,0.23426956,0.23347287,0.4428099,1.8586565e-05,0.00052211323,7.728197e-06,0.075697966,0.005785749,6.417516e-08,0.0012105645,6.132057e-08
-63.45455,8,0.9999665,8,0.9999665,4.75027e-08,3.2982417e-10,1.2121965e-06,5.7805974e-13,3.1771176e-11,3.1919753e-05,9.811297e-10,1.8249894e-07,0.9999665,1.5156429e-10,7.5412154e-10,5.97444e-10,8.040033e-08,3.7039583e-10,2.5128218e-12
-594.61755,0,0.5995948,0,0.5995948,0.5995948,0.00025868966,0.36585042,2.1484128e-10,0.00048181228,0.0017536167,0.0012849104,0.00028869792,0.00017591768,0.015195564,0.01044452,0.0005385851,0.0012621405,0.002840201,3.0149286e-05
-819.34973,14,0.9885324,14,0.9885324,0.002211293,1.8833866e-08,0.0002642197,5.0060547e-13,1.0636351e-05,8.671197e-05,8.580445e-05,1.3570677e-06,1.9906686e-08,1.4204264e-05,1.981266e-05,4.625844e-06,4.780633e-08,0.008768784,0.9885324
-797.5291,7,0.99999344,7,0.99999344,1.5926673e-06,1.0359785e-07,1.712264e-07,9.256158e-12,6.0225636e-10,1.3531702e-06,3.5922057e-10,0.99999344,1.947664e-06,1.1003198e-08,1.4013187e-06,5.1763123e-09,3.8043138e-10,8.344414e-12,2.4285283e-09
-477.03476,5,0.03148035,9,0.85820335,0.008864193,8.136976e-05,0.00021583211,9.922568e-08,0.0006758008,0.03148035,0.00037930507,1.2007109e-07,3.814787e-10,0.85820335,0.007241971,0.04558792,0.0001687605,0.0351485,0.0119524505
-689.54126,10,0.0016556508,11,0.7681409,0.0064155445,0.19711223,0.005540346,1.4192782e-06,0.010014977,0.010064704,0.00083421625,4.070056e-07,4.383102e-08,5.8130167e-06,0.0016556508,0.7681409,0.00020791906,4.153405e-06,1.6405265e-06
-533.36584,3,0.99992347,3,0.99992347,1.8769824e-05,2.158682e-09,6.503246e-10,0.99992347,3.237183e-11,5.714848e-09,9.504494e-10,7.961105e-07,7.6088097e-10,3.1422645e-10,5.692292e-05,8.8274305e-11,3.9359e-08,2.168859e-09,4.556428e-10
-271.51135,12,0.30257457,12,0.30257457,0.24313326,0.0011695259,0.008273644,0.0006940543,0.011162219,0.18582125,0.00059038296,8.915829e-06,1.1745366e-06,0.0016243253,0.08072969,0.1584179,0.30257457,0.0057983645,6.899478e-07
-551.4,11,0.9134888,11,0.9134888,0.011482811,0.056236587,2.7351345e-05,4.3755012e-08,0.0065793865,0.00628823,0.0008378133,3.3700144e-07,2.9970295e-09,0.00044228463,0.004599881,0.9134888,1.5496079e-06,9.030456e-06,5.743069e-06
-662.1202,1,0.9058703,1,0.9058703,0.0004585216,0.9058703,0.00031230162,1.2844056e-08,0.00040814982,4.214432e-05,0.0001709179,1.11473724e-07,4.076534e-08,5.452114e-06,0.001959934,0.0907634,1.5425073e-06,6.741765e-06,4.5225246e-07
-304.97192,8,0.99999166,8,0.99999166,1.7916895e-07,7.591532e-09,4.0041581e-07,1.5231165e-11,6.5686687e-13,4.8689536e-08,1.22008055e-11,7.669677e-06,0.99999166,2.7595667e-10,3.3091523e-09,5.8401756e-10,1.5775644e-08,9.299205e-10,3.6512638e-12
-783.39594,9,0.014804533,11,0.89752805,0.0023730074,0.015325277,0.0003596273,9.449267e-07,0.0076113325,0.018402921,0.03739547,8.660089e-08,7.1659706e-06,0.014804533,0.00028517094,0.89752805,2.0086753e-05,0.0010012357,0.0048851534
-332.94943,7,0.0139474105,2,0.37209183,0.08860856,0.10127989,0.37209183,7.0049923e-06,0.016857395,0.0062659583,0.0077584214,0.0139474105,4.448877e-05,0.0010735075,0.08870846,0.034452513,0.2574712,0.01143318,1.8428962e-07
-646.27136,6,0.022799732,11,0.7877619,0.0005158463,0.06509202,0.0011463555,1.4023189e-08,0.02982521,0.0850473,0.022799732,8.5735695e-07,3.085886e-08,2.5013562e-06,0.0076789726,0.7877619,7.1489626e-07,5.566981e-05,7.285933e-05
-575.1388,0,0.00063379575,7,0.9872706,0.00063379575,1.1328814e-05,0.005587433,2.2880882e-09,9.168703e-08,4.8391223e-07,1.1112137e-06,0.9872706,0.0042189327,3.2487187e-05,0.0019349065,3.8235037e-09,7.803597e-08,0.00030874324,1.6956706e-08
-240.99033,7,0.97742385,7,0.97742385,1.0280494e-09,7.6428135e-11,4.014821e-09,4.2846074e-14,1.0009573e-16,0.022321472,9.864905e-20,0.97742385,0.00025474932,3.5261968e-14,9.054077e-10,3.1958828e-11,2.3375645e-11,1.01213626e-20,2.142503e-14
-619.1716,6,0.003984217,5,0.9378278,0.016030531,1.5266285e-07,4.8531798e-05,6.8196333e-09,0.021165054,0.9378278,0.003984217,0.0019131704,9.746932e-06,0.0001438855,0.009194158,0.008650634,1.2721909e-08,1.3226057e-06,0.0010308479
-417.4042,6,0.08864444,5,0.403553,0.004510283,0.0028246455,0.00047742302,7.857411e-11,0.17963694,0.403553,0.08864444,2.6402538e-06,9.77309e-08,7.5120347e-06,0.04380614,0.2765125,3.0135507e-08,2.1450634e-05,2.8818565e-06
-30.318726,2,0.9793305,2,0.9793305,1.192216e-06,0.007208552,0.9793305,1.2159165e-07,0.0015146094,0.00021072009,5.254315e-05,7.338465e-10,5.774992e-07,1.16666875e-07,5.7372137e-05,0.011428174,0.00013472307,6.0730574e-05,1.2801661e-07
-736.1009,7,0.99978024,7,0.99978024,2.2028622e-07,1.2914589e-05,2.837022e-07,9.2708494e-11,7.1048927e-09,2.2409948e-07,3.9121062e-08,0.99978024,0.00020502949,5.1276334e-09,9.963791e-07,1.063262e-08,5.3301874e-09,3.555656e-10,5.4396816e-09
108.184975,8,0.9996928,8,0.9996928,5.126298e-06,2.0217422e-07,5.11764e-07,4.2679908e-11,5.00765e-09,0.0002958152,1.7593364e-07,3.7412879e-06,0.9996928,4.227647e-09,1.5814198e-06,8.264006e-08,5.0268465e-09,3.965943e-09,5.3978944e-10
-498.17596,6,0.029861717,5,0.86140305,0.018020138,3.8403946e-06,0.0034898648,3.3281784e-11,0.07167974,0.86140305,0.029861717,3.111116e-05,0.00095791573,3.905469e-06,0.0016303539,0.012495918,1.1952479e-05,0.0004064605,4.0729956e-06
-707.56116,9,0.3087438,13,0.41638795,0.20579778,2.435521e-05,0.013492941,2.5741505e-05,0.00070989097,0.00021998453,0.015878871,0.00022823455,9.090576e-05,0.3087438,0.023914304,0.00016164863,0.0143051855,0.41638795,1.8386996e-05
-470.85608,2,0.03351526,11,0.6932427,0.00021915865,0.0035318306,0.03351526,7.6208885e-08,0.047537148,0.036345396,0.012990901,5.2256786e-07,0.00038063372,3.0986524e-07,7.2842095e-06,0.6932427,0.17209814,0.00013026943,2.931734e-07
-230.30803,0,1.3505485e-07,7,0.9999982,1.3505485e-07,3.9509743e-08,4.5806783e-07,2.917997e-09,1.03594244e-10,1.4861204e-09,9.0149756e-11,0.9999982,2.7970887e-07,4.5247353e-09,2.5028027e-07,3.1236275e-10,6.843715e-07,1.2661712e-09,1.2018747e-10
-1007.2565,12,0.9988998,12,0.9988998,9.694431e-06,2.6117115e-07,0.0003681924,4.8655163e-10,1.6712307e-05,1.317914e-06,2.1081938e-05,5.695636e-07,0.00064895494,6.009146e-07,3.2468964e-08,7.5373473e-06,0.9988998,2.5194508e-05,6.6852926e-11
-675.03845,12,0.008442221,11,0.89732444,3.4680852e-07,0.00048724096,0.0005162214,1.4724386e-05,0.06729214,0.025656546,0.00026565397,3.350468e-12,4.0506254e-07,4.221808e-11,3.4176388e-08,0.89732444,0.008442221,6.733813e-09,2.0625715e-10
-251.43932,4,0.39782465,10,0.49224252,0.00059802446,1.4104065e-06,0.0043323436,1.2923449e-08,0.39782465,0.026497483,0.06365782,9.161324e-06,4.6883684e-07,2.501924e-06,0.49224252,0.00061808585,2.1934285e-07,0.014214754,4.7000526e-07
-433.0112,13,0.500414,13,0.500414,0.014987278,1.3490145e-05,0.32326078,1.1964393e-08,0.00029698166,0.0013554133,0.00015525869,4.2694446e-06,7.5734356e-08,0.0134890145,0.016615404,0.00020411874,0.12917933,0.500414,2.46516e-05
-310.80444,4,0.15718266,10,0.43313354,0.09497891,0.010604109,0.00020238131,1.1670794e-06,0.15718266,0.15944833,0.07928587,0.01583893,6.175897e-05,1.5284842e-05,0.43313354,0.049225494,1.7108059e-07,3.9963265e-06,1.7431883e-05
-763.03485,9,0.008752335,12,0.77187985,0.03110511,5.6243935e-05,0.10552398,3.5655564e-08,0.0041104625,0.001713137,0.0041138236,3.9264967e-05,0.0041546496,0.008752335,0.00037966634,0.00095212355,0.77187985,0.067209505,9.783112e-06
-476.45886,3,0.9987275,3,0.9987275,3.3140163e-06,1.7711925e-06,0.0007047922,0.9987275,6.271717e-05,0.00029686088,4.157144e-06,2.1732043e-10,5.612155e-07,4.5349068e-13,4.325655e-05,0.00013871539,1.631342e-05,8.08703e-09,1.4385725e-09
-387.71533,10,0.09675376,3,0.8204774,0.00047424922,3.1503217e-07,0.00019037702,0.8204774,0.0017748569,0.070927314,0.009271018,8.173573e-05,1.9779369e-05,4.718421e-09,0.09675376,6.1147475e-06,6.9564766e-07,1.41994915e-05,8.190626e-06
-135.72491,3,0.009657189,14,0.8438681,0.00052891095,7.43228e-05,0.0066601373,0.009657189,0.002159029,0.110091425,0.004785228,7.9806605e-06,3.0961764e-05,2.792455e-07,0.021620715,0.00033736372,1.3324765e-06,0.00017717379,0.8438681
-449.7554,3,0.9999994,3,0.9999994,9.583421e-10,4.972833e-08,1.6052655e-07,0.9999994,3.7015606e-09,1.7672964e-09,1.5923211e-10,2.495413e-16,4.1313033e-13,6.0819907e-14,9.520679e-09,2.6464383e-07,2.3194855e-07,2.8662329e-12,3.1255588e-12
-728.80273,9,0.99997365,9,0.99997365,2.3473443e-05,4.410688e-10,1.0129503e-08,7.86876e-12,2.1536813e-10,2.8931021e-10,6.3543205e-11,1.5925796e-08,1.8160518e-15,0.99997365,2.0713433e-06,9.686678e-09,2.452764e-07,1.7319994e-08,5.3687137e-07
-429.42432,13,0.0015594038,8,0.97035295,0.0005216847,8.703078e-06,5.6340115e-05,2.200321e-08,1.0770357e-06,1.1828262e-07,7.6404816e-05,0.021652935,0.97035295,0.00029351932,0.005475988,2.8058827e-07,6.857104e-09,0.0015594038,5.364974e-07
-174.3325,8,0.9996189,8,0.9996189,2.1686954e-05,1.0336048e-08,2.0457962e-06,1.1567896e-09,2.2829589e-11,1.310222e-05,3.0627384e-10,0.00034379456,0.9996189,6.6260823e-09,1.6061551e-07,7.1149744e-09,4.0018375e-07,2.1844082e-09,2.1958267e-11
49.732616,8,0.99999547,8,0.99999547,4.0869917e-08,4.7772595e-11,1.5013912e-08,2.1338446e-17,7.2219086e-14,4.5029e-06,2.063761e-12,4.3203956e-09,0.99999547,4.3230663e-09,4.549025e-11,4.494017e-09,1.6141058e-09,2.4129022e-11,4.219677e-13
-902.67804,6,0.0004347131,3,0.55730695,0.00012987391,1.1889171e-09,1.1440409e-06,0.55730695,0.00053241086,0.40401974,0.0004347131,0.020685947,0.0026129019,9.738476e-07,0.01420203,4.327006e-05,5.1375917e-08,1.1302859e-05,1.8699566e-05
-945.27747,2,0.030969352,5,0.52843595,0.0017993725,0.00073767966,0.030969352,7.3893466e-07,0.029492022,0.52843595,0.0024606881,6.691956e-08,1.7272532e-06,3.866289e-05,0.0008637193,0.3942938,0.010793516,0.00011106559,1.6748713e-06
-447.31125,6,1.922708e-05,1,0.6056787,5.622833e-05,0.6056787,0.0011554977,4.821362e-09,0.0009721079,0.0018165612,1.922708e-05,4.451396e-11,1.0332334e-09,1.916553e-07,4.4770386e-05,0.39022216,6.6152556e-06,2.6846597e-05,1.0698946e-06
-569.7919,0,0.145489,7,0.6773792,0.145489,0.010711099,0.0021707432,2.039659e-05,5.249873e-05,0.008303014,1.0061038e-05,0.6773792,3.261668e-06,0.13801669,0.0040201056,0.00333315,0.010429176,7.7319373e-07,6.0784652e-05
84.27626,1,0.6034206,1,0.6034206,0.0006878459,0.6034206,0.00013423317,3.139751e-08,2.4188575e-06,0.00088224903,1.3441399e-05,0.3908514,7.027921e-05,6.3518714e-06,0.0036941522,0.00023563283,2.8456742e-07,1.9124139e-08,1.0175474e-06
-478.1554,7,0.9999753,7,0.9999753,7.3431124e-08,1.0498725e-06,1.2093723e-08,1.5248715e-10,3.1706377e-11,2.113784e-08,1.12233424e-10,0.9999753,2.3129049e-05,5.598169e-10,3.106639e-07,1.4884636e-09,1.2874259e-09,2.0601888e-11,3.5959521e-10
-481.31775,10,0.025758687,2,0.7873398,0.010808659,0.1687404,0.7873398,6.295462e-07,0.00020661783,1.1891723e-05,2.7121375e-06,1.2550302e-06,2.6898972e-10,0.0054846494,0.025758687,0.0011750569,0.00012363025,0.00034585033,1.7682102e-07
-158.4837,11,0.48305714,11,0.48305714,0.0028471737,0.03547783,0.026598223,4.5508223e-06,0.015081765,0.42878196,0.0052106897,9.329326e-11,3.8145977e-08,8.623874e-07,0.0021845647,0.48305714,1.0525696e-05,0.0007034122,4.1303996e-05
-490.72784,5,0.7398426,5,0.7398426,0.0006680131,0.00012738159,0.00022170533,2.1706367e-10,0.21763282,0.7398426,0.009266527,1.4421827e-06,8.410388e-09,1.7477072e-08,0.025825923,0.006410511,1.0076015e-07,2.974408e-06,2.4760464e-08
-391.68732,7,0.99977416,7,0.99977416,1.74519e-05,9.210446e-05,4.0027375e-05,4.820923e-10,8.117e-08,1.7401025e-07,2.4797382e-07,0.99977416,1.612841e-05,4.80182e-07,5.889724e-05,2.9604049e-08,1.941921e-07,7.050531e-08,5.6287483e-08
-470.2222,4,0.28104863,5,0.6776499,4.505781e-05,3.3695303e-06,0.0007738916,4.1891546e-10,0.28104863,0.6776499,0.04010907,1.5566166e-06,1.202544e-05,7.168994e-09,0.000112899696,0.00022372633,1.0492628e-05,9.4511815e-06,6.394455e-09
24.010483,2,0.00032447808,8,0.7456892,0.010880576,4.3313285e-05,0.00032447808,2.7915989e-11,0.0039127385,0.041017387,0.18579666,0.0020211502,0.7456892,0.00033967252,0.0067656552,0.00304642,1.0089005e-07,0.00013286121,2.9732493e-05
-403.45654,4,0.08449166,5,0.40664327,0.018760335,0.016569626,0.32735494,9.4783906e-07,0.08449166,0.40664327,0.0054325876,0.00019974235,0.00013405764,7.836516e-06,0.00044230375,0.059616614,0.079333454,0.0009919992,2.0599206e-05
-272.78986,5,0.8401862,5,0.8401862,0.009235048,1.1101975e-05,0.0009400019,8.8033154e-08,0.013163614,0.8401862,0.116698526,0.0035287424,0.0030246067,2.6127514e-06,0.012914135,0.00023787559,2.4623916e-06,5.4683842e-05,3.258785e-07
-254.98943,0,0.0007159378,8,0.98761415,0.0007159378,1.2816734e-07,3.4463243e-05,3.906658e-14,6.398335e-05,0.0023976283,0.009042266,9.669083e-06,0.98761415,4.2274182e-06,1.2169711e-05,4.4381133e-05,2.1176253e-07,6.0411032e-05,3.6564552e-07
-675.3699,1,0.5744272,1,0.5744272,0.03098691,0.5744272,0.0066217217,8.226727e-07,0.005870082,0.0017304923,0.0010446898,0.0005061589,4.840903e-07,0.0030442448,0.04374383,0.33084166,0.0009950132,0.000170067,1.6647607e-05
-526.171,2,0.0008196391,11,0.89663714,6.4181986e-06,0.0013057425,0.0008196391,6.6734023e-09,0.09064337,0.009580602,0.000119724624,3.808111e-12,8.039195e-09,4.6958488e-07,9.487155e-08,0.89663714,0.0006247492,2.530001e-06,0.00025958367
-206.56242,11,0.14292602,14,0.5328669,0.012369144,0.26048937,0.00055470376,2.9305565e-07,0.00021351253,0.045630407,0.00043800654,9.549512e-10,1.1208784e-09,4.6368787e-05,0.0015287669,0.14292602,8.1429935e-06,0.0029283192,0.5328669
-659.503,12,0.53812355,12,0.53812355,0.038134344,0.00018326733,0.26146135,9.468246e-06,0.043384932,0.002661486,0.01472268,5.404492e-05,0.001478131,0.0010374126,0.0025077101,0.006555515,0.53812355,0.08967682,9.2196415e-06
-436.98608,10,0.0004614703,2,0.9556532,5.1576308e-06,9.654432e-06,0.9556532,5.9103486e-12,1.0316123e-05,1.1394675e-06,2.621654e-06,9.101081e-08,0.0038241562,6.20301e-09,0.0004614703,2.3988792e-07,1.5619617e-07,0.04003184,2.7018057e-10
-246.30702,9,9.2741095e-09,5,0.46032235,0.0005839653,0.0019130115,1.0991239e-05,2.495393e-07,0.23762868,0.46032235,0.15810157,1.6852797e-06,8.219596e-07,9.2741095e-09,0.1250052,0.016422262,7.3445514e-11,8.681693e-08,9.063609e-06
-650.83887,11,0.023139913,9,0.5576087,0.15522479,0.0024890748,0.0015176939,1.4594852e-05,0.03151095,0.048047256,0.08570804,0.00031561262,2.8303111e-05,0.5576087,0.08793571,0.023139913,0.0008999078,0.005144202,0.0004152414
-460.34943,4,0.01363606,5,0.7948931,0.0017937082,2.5204388e-05,0.00021067803,8.768531e-11,0.01363606,0.7948931,0.052254327,0.111274816,0.00031506762,2.8075834e-05,0.0122058075,0.013222848,2.686128e-06,0.000114101436,2.344967e-05
-460.55188,6,0.0014051831,4,0.48922062,0.00899017,0.023728326,0.020596476,3.261324e-05,0.48922062,0.038040794,0.0014051831,1.5252906e-08,5.2976252e-11,2.8045788e-05,0.011180235,0.40414453,2.7547974e-06,1.9208554e-05,0.0026110657
-374.72006,5,0.18649457,4,0.41440588,0.003582441,5.270778e-05,0.31406137,5.34807e-07,0.41440588,0.18649457,0.0072538345,1.0605526e-05,4.25774e-06,3.6060885e-06,0.015720526,0.012035156,0.014926659,0.03144745,3.0232448e-07
-721.2435,13,0.0012171929,10,0.6448719,0.018601192,0.00049265247,0.004872553,9.365444e-10,0.14696567,0.12615831,0.03350735,1.0970385e-05,2.0656284e-05,5.1344324e-07,0.6448719,0.023279903,6.7541197e-07,0.0012171929,4.85322e-07
-347.69507,1,0.12694542,14,0.8042871,0.003424842,0.12694542,5.8272076e-06,1.1348393e-07,1.6269595e-07,1.09455905e-05,2.4234738e-05,8.1935104e-07,1.5037777e-09,0.05928849,0.00053164305,0.0001286148,6.3870275e-06,0.0053453557,0.8042871
-260.83926,14,0.9977604,14,0.9977604,0.00039317203,5.1468658e-05,1.8422937e-06,7.591362e-11,2.2827178e-06,5.2898247e-07,2.1726112e-07,1.5157943e-07,1.1406025e-11,2.8942011e-05,0.0014534359,0.0002515688,5.072725e-10,5.5872173e-05,0.9977604
-439.9523,8,0.6936479,8,0.6936479,0.00044824727,3.1809646e-05,0.29024678,1.9580783e-07,4.4711993e-05,0.012602347,0.00021631033,7.0961487e-06,0.6936479,2.4773377e-07,6.1545405e-05,1.2415694e-05,0.0004816873,0.0020588485,0.00013992722
-511.02115,13,0.9998634,13,0.9998634,1.2490914e-06,1.5598156e-11,1.9108913e-05,5.9016153e-10,2.5922796e-07,5.8406296e-10,7.4875e-09,3.5202635e-08,1.4958509e-08,2.236229e-06,0.00011013685,6.508766e-09,3.2904403e-08,0.9998634,3.5762012e-06
-752.66235,7,0.9999366,7,0.9999366,5.82901e-06,2.9522147e-05,1.6200045e-06,9.1662136e-11,1.0291999e-07,6.040838e-07,1.9719964e-07,0.9999366,4.0874183e-06,9.209772e-09,2.1078677e-05,2.2374883e-07,4.380357e-08,1.9097666e-09,5.0002993e-09
-227.271,1,0.94021136,1,0.94021136,3.0016814e-05,0.94021136,1.7881192e-07,7.486129e-09,1.5198411e-05,5.6785493e-06,5.989004e-06,8.00167e-10,1.07815985e-10,5.258723e-07,0.00011974262,0.059610605,1.4626548e-08,2.856589e-07,3.278636e-07
-347.9239,4,0.019337665,2,0.96190166,3.0660685e-05,7.1370397e-07,0.96190166,1.10833824e-07,0.019337665,0.0048682573,0.0010075273,0.0027035263,0.005147122,4.424027e-09,0.00013373556,0.0007852373,0.0036084352,0.00047525208,7.776385e-09
-699.4695,4,0.17131184,2,0.5643393,0.00040034959,2.0509971e-05,0.5643393,1.8107028e-09,0.17131184,0.00031998564,0.120832756,4.3781813e-07,0.0012026527,5.8830483e-05,0.022255806,0.00032088728,1.6022811e-07,0.1188272,0.00010917749
-426.5583,2,0.9999106,2,0.9999106,3.006764e-08,2.4692406e-10,0.9999106,5.812307e-15,9.735994e-07,2.810192e-06,2.8751822e-08,1.59753e-11,5.3087166e-07,3.344015e-12,4.2622945e-05,4.7589777e-10,7.619394e-12,4.2471478e-05,1.18359e-12
-608.9951,1,0.9655485,1,0.9655485,7.112931e-05,0.9655485,0.000102699196,1.519119e-08,2.8805902e-05,2.0561398e-05,1.4284599e-06,1.2025286e-09,3.9477366e-11,2.1456824e-05,0.00011521954,0.03406866,9.390094e-06,2.9874361e-06,9.286417e-06
-357.5736,2,2.1878064e-05,6,0.5258947,4.5753353e-05,4.064124e-07,2.1878064e-05,2.6969009e-12,0.29694325,0.17520037,0.5258947,4.417954e-06,0.00034037777,2.6595906e-08,0.0014187921,0.00011421187,1.3933099e-08,1.5802047e-05,6.380495e-08
-731.2579,13,0.109739155,10,0.7909294,0.014044636,8.4277566e-08,0.0056278305,5.909828e-12,0.04344724,0.026226828,0.008265708,0.0009662522,0.0006856293,2.3296639e-06,0.7909294,6.437357e-05,3.5114914e-07,0.109739155,1.4470324e-07
-675.3193,4,0.011740355,5,0.93952185,8.877128e-05,1.0570379e-08,0.0074144984,6.54686e-08,0.011740355,0.93952185,0.002042094,3.2754848e-05,0.03882466,3.0796368e-09,1.0484715e-05,5.561812e-05,0.00025046172,1.8364888e-05,1.03503666e-07
-481.7693,2,0.30652615,12,0.5383058,0.055786084,1.0042445e-07,0.30652615,7.877559e-06,4.7599962e-05,2.6269001e-05,6.584402e-06,0.04470238,8.939645e-07,0.00018433922,0.0032284136,5.0196815e-07,0.5383058,0.05117693,1.778812e-08
-703.4131,7,0.99991286,7,0.99991286,1.6285854e-07,1.0783394e-05,2.1336004e-06,1.9818773e-11,6.5846933e-10,2.7164777e-09,1.7471663e-08,0.99991286,7.3274365e-05,2.9229839e-09,7.7892514e-07,9.2908664e-10,8.287144e-10,6.9298127e-09,2.9563227e-09
-735.4873,9,0.9837578,9,0.9837578,0.012814466,0.00053943245,0.00047843897,5.3645715e-07,1.4931411e-05,1.5935233e-05,4.809165e-07,5.0674527e-07,3.1043122e-12,0.9837578,0.00054605067,0.0012737304,0.0004935295,4.338258e-06,5.9839163e-05
-660.58185,1,0.97947705,1,0.97947705,0.00014677674,0.97947705,1.5393378e-05,4.4502574e-08,6.998605e-05,3.2789396e-06,2.2633963e-05,5.5037235e-05,2.4855117e-08,0.0056656837,0.00013387646,0.0143093765,4.4124492e-05,2.8215205e-05,2.8438859e-05
-592.495,14,0.9997608,14,0.9997608,9.6860995e-06,3.1133165e-10,6.497047e-09,2.123074e-13,2.1905096e-09,1.17042465e-08,1.9367348e-09,3.9522144e-12,4.219892e-14,1.2208563e-06,4.516378e-08,1.6903273e-08,3.1638647e-10,0.00022822613,0.9997608
-508.41833,2,0.00038594982,1,0.5289311,0.00064559025,0.5289311,0.00038594982,3.1517266e-05,0.0009405061,0.0012165727,0.00044850295,5.4008098e-08,4.44228e-08,0.00037278546,0.000273589,0.4659883,0.0004885302,9.4638e-05,0.0001822764
-414.8034,3,0.53381914,3,0.53381914,4.9730035e-05,6.940721e-05,0.42523625,0.53381914,0.011881923,0.0021001922,0.0001250337,1.6289714e-10,5.908364e-09,5.0781985e-08,0.0053851744,0.021036731,0.00015462574,1.8702445e-05,0.00012303701
-1024.1895,7,0.99666494,7,0.99666494,1.2314441e-05,9.810776e-10,3.1523687e-08,0.0009354486,2.1833705e-11,3.7758213e-08,3.1896885e-10,0.99666494,0.002385196,6.855568e-08,2.9435265e-07,8.672322e-11,5.1346734e-07,1.05057815e-07,1.0512241e-06
-377.23993,7,0.99907124,7,0.99907124,1.514663e-08,1.0334879e-06,7.880791e-07,4.3363863e-10,1.40953e-10,1.9894536e-08,1.2161581e-09,0.99907124,0.0009261287,9.890194e-11,1.1771799e-08,3.723918e-09,8.406999e-07,2.3696356e-10,3.8804665e-10
-29.853436,8,0.99867105,8,0.99867105,6.92123e-06,5.5345524e-09,4.5794533e-07,1.8966818e-11,3.2747545e-07,0.0012483405,5.6184024e-05,6.9465564e-06,0.99867105,3.1651005e-08,9.478134e-06,1.3503713e-07,4.3912274e-10,6.6646756e-08,1.4798889e-08
-469.31403,6,8.029926e-06,2,0.82922345,0.013351907,0.132392,0.82922345,1.09550005e-08,3.2669977e-05,6.521946e-05,8.029926e-06,0.0002759466,2.4429348e-05,0.0006872416,0.020112664,7.041253e-05,0.0005918666,0.00316408,9.641311e-09
-174.8102,4,2.1902722e-05,13,0.44090304,0.0068320995,0.24560624,0.29927313,1.2340636e-09,2.1902722e-05,0.00088992476,2.530389e-05,4.142137e-09,3.449285e-06,0.001133345,0.0009040002,0.0018642526,0.001497644,0.44090304,0.0010456507
-521.14905,9,0.9139995,9,0.9139995,0.021670865,1.2036837e-05,5.4597385e-05,1.7714007e-07,0.0024313643,0.020761317,0.0002846876,2.3240033e-05,4.5404533e-09,0.9139995,0.020560049,0.01714837,0.0022562703,0.00078469905,1.2776429e-05
-760.11487,6,0.11977692,4,0.4801629,0.008707878,0.00023453783,0.1198501,4.034934e-08,0.4801629,0.21959206,0.11977692,1.569001e-05,0.00034094445,4.076115e-05,0.021138433,0.025997829,0.00020673507,0.0038831632,5.2049905e-05
-503.59552,4,0.48162362,4,0.48162362,0.011475747,4.848011e-10,5.6248273e-06,2.7275735e-08,0.48162362,0.048890468,0.0002826782,0.0009439215,4.6443365e-08,1.686368e-05,0.44915983,0.0016156496,1.0214412e-10,2.5353033e-06,0.0059830514
-679.41754,14,0.9796,14,0.9796,0.0013644629,7.864334e-11,7.836313e-09,2.2978524e-13,3.784465e-10,4.668525e-09,2.4647049e-09,2.1956228e-09,3.8951122e-14,0.019009339,1.0409871e-06,9.0261665e-09,2.640926e-09,2.5070809e-05,0.9796
-871.2786,9,0.08361213,12,0.89969385,0.014550145,1.8093455e-07,0.0019159551,6.1290916e-07,1.2112724e-05,2.2196258e-05,3.616338e-08,1.216087e-06,1.8957329e-11,0.08361213,0.00013215539,4.3045435e-05,0.89969385,1.6438184e-05,2.5204537e-08
-622.031,6,3.1457552e-07,2,0.75518113,0.009086136,0.14341913,0.75518113,4.2986588e-09,5.7220914e-06,5.3863278e-06,3.1457552e-07,0.00086607743,1.1595669e-08,0.015372313,0.0754075,5.4892877e-05,2.7716038e-05,0.00054328155,3.0363999e-05
-636.404,3,0.9999994,3,0.9999994,5.4544472e-08,7.117102e-08,3.0848472e-08,0.9999994,4.96184e-09,9.123976e-09,1.8681855e-10,8.575272e-16,3.020496e-14,1.5927561e-13,2.4350703e-08,3.668862e-07,3.463383e-08,1.8029438e-13,7.611985e-14
-444.16315,8,0.4134879,8,0.4134879,0.014975833,0.15208434,0.10810761,3.5033972e-07,0.019438427,0.10097486,0.16028525,5.4982015e-06,0.4134879,4.2088064e-05,0.0053130533,0.02521696,4.980493e-06,3.1624702e-05,3.1169166e-05
-591.333,4,0.88042706,4,0.88042706,7.2516355e-05,0.0007445292,0.0018993679,2.0720352e-10,0.88042706,0.0130959675,0.08255485,2.0210607e-06,5.8939772e-08,6.7712186e-08,0.0055418303,0.015643619,1.1707508e-07,1.7792365e-05,1.9627191e-07
-575.44165,1,0.38559118,11,0.573558,0.0050339773,0.38559118,0.004310017,6.16378e-07,0.009130759,0.004255741,0.000628091,8.844865e-07,3.032423e-08,3.543242e-05,0.017426874,0.573558,2.5491707e-05,2.5793115e-06,3.8405778e-07
-226.14432,1,0.03935711,11,0.94752914,0.0038585516,0.03935711,0.00012228385,8.957439e-07,0.00016250982,0.00023046849,4.2541447e-05,1.4304073e-09,7.423602e-10,4.814811e-05,0.0008495981,0.94752914,1.5105521e-05,0.00021963494,0.0075639193
-569.28375,2,0.011235877,11,0.4795092,0.0026309462,0.007871772,0.011235877,1.3213333e-08,0.028507713,0.41546333,0.053650245,8.588442e-09,4.9152684e-05,1.8645626e-06,0.0002401159,0.4795092,2.8592496e-05,0.0006001584,0.00021091565
-960.9429,2,0.8305663,2,0.8305663,0.11015042,6.8247473e-06,0.8305663,2.3540123e-08,0.00146103,0.0032217035,0.0002350325,0.0006883768,1.7559216e-05,0.00030915448,0.0022169745,0.00015033473,0.05053253,0.00044364866,2.4838738e-07
-346.72305,6,0.0024165867,5,0.43673772,0.03158675,0.00017207155,0.0008145025,1.11973364e-07,0.001017373,0.43673772,0.0024165867,0.00043880363,2.1254132e-06,5.5100296e-05,0.37919578,0.0072076153,2.427438e-09,0.0006188615,0.13973667
-377.97717,5,0.93660164,5,0.93660164,0.0017250865,2.41608e-05,0.002071016,8.22608e-13,0.021697357,0.93660164,0.007521809,0.00018471813,3.4863676e-06,4.4284324e-08,0.006362176,0.023805946,1.4596743e-07,2.2733764e-06,1.5268893e-07
-284.88977,7,0.9999112,7,0.9999112,1.0142858e-06,5.0886516e-08,5.935706e-07,1.5598351e-09,2.1025337e-09,1.5553613e-05,1.0779941e-09,0.9999112,7.073547e-05,3.2536598e-10,7.182369e-07,7.447422e-09,8.494202e-08,1.7239173e-10,8.5993057e-10
-612.6927,9,0.8067552,9,0.8067552,0.19148049,1.5082484e-09,2.644385e-08,3.499396e-07,5.4089596e-06,4.0306393e-05,2.5517218e-06,4.198931e-05,1.8043624e-09,0.8067552,0.00035606872,0.00012357398,0.0009931405,0.00019899021,1.9250865e-06
-682.03516,2,0.011887281,11,0.9192755,3.14135e-05,0.0041798684,0.011887281,5.900379e-08,0.045785364,0.0140710585,0.0016412813,1.7171768e-08,3.4096527e-07,1.176208e-05,5.8886388e-05,0.9192755,0.00300312,5.284642e-05,1.2534402e-06
-322.20038,11,0.0048599653,14,0.75761986,0.06090974,1.4209381e-06,3.719561e-07,4.6086424e-09,0.0018811604,0.00058061996,0.01055552,0.033346403,0.00020986031,0.11280076,0.017184904,0.0048599653,1.631987e-08,4.936291e-05,0.75761986
-418.2621,5,0.1931518,4,0.62863404,0.00059482997,0.008346366,0.066760585,1.3853007e-07,0.62863404,0.1931518,0.017990299,7.145642e-06,5.2141013e-06,6.0921234e-06,0.0016520259,0.080770575,0.0013710301,0.00065636326,5.3588738e-05
-18.170118,8,0.99997926,8,0.99997926,2.7094006e-07,1.3725632e-10,3.2100317e-08,4.239597e-14,2.294829e-11,1.8028837e-05,6.563337e-10,2.4047415e-06,0.99997926,1.1399895e-09,5.6785274e-09,1.2051258e-09,2.7457472e-09,8.8228436e-10,7.1042772e-12
-778.7869,9,0.048324402,1,0.47183123,0.01451644,0.47183123,0.29056954,0.060779613,0.00032629567,8.4578126e-08,8.572777e-08,1.9957193e-08,2.1613015e-12,0.048324402,0.08809933,0.02406261,0.00012650891,3.046782e-06,0.0013608327
-332.8306,12,0.0429255,7,0.8559475,0.03814161,1.9915356e-05,0.00093953067,2.0251433e-08,0.0007772169,0.05748788,6.0215898e-05,0.8559475,0.00037728588,0.0007283752,5.5140506e-05,0.002479402,0.0429255,5.2052168e-05,8.361661e-06
-325.43918,13,0.011028167,9,0.5896117,0.25911874,6.190814e-05,8.1779726e-05,2.6517661e-08,0.0048511187,0.0053608064,0.062342104,0.009777168,0.0027392858,0.5896117,0.0023941766,0.051571645,0.00022207126,0.011028167,0.0008392904
-908.51306,12,0.9772273,12,0.9772273,0.00615912,4.2922366e-06,0.014999756,1.5728672e-05,4.87793e-05,0.00086399,1.027015e-05,0.00012092016,0.000106916115,8.378611e-07,8.0360755e-05,0.00033531725,0.9772273,2.6431133e-05,1.4701049e-10
-501.59882,11,0.00013398341,10,0.5714211,0.15927328,5.100281e-06,1.9288633e-05,1.5053288e-06,0.009525224,0.1864463,0.033843797,0.038039863,0.00037731527,3.192483e-05,0.5714211,0.00013398341,1.2009341e-05,0.00086922443,5.7084716e-08
-720.17163,14,0.9989188,14,0.9989188,0.0009871298,2.5886238e-10,1.1173507e-06,2.5985107e-15,1.5169333e-07,2.6025542e-05,2.0004624e-07,2.2963013e-07,5.912771e-11,2.1325163e-06,6.3872376e-06,8.861202e-07,2.564827e-10,5.7082136e-05,0.9989188
-1097.2751,14,0.03916795,3,0.8672921,0.0010833013,1.8308793e-10,0.00014964696,0.8672921,0.00016445696,0.00045854854,9.8139666e-05,0.00023352569,0.011345664,1.990043e-08,0.07979631,4.365052e-06,7.2128725e-10,0.00020592577,0.03916795
-547.6139,4,0.28526053,5,0.6304715,0.0002983428,5.003108e-05,0.0002613253,6.8464177e-09,0.28526053,0.6304715,0.0051863,1.00503996e-07,4.226946e-08,9.422732e-08,0.015842851,0.06262501,1.2688229e-06,2.4924668e-06,8.0162477e-10
18.917973,8,0.99604756,8,0.99604756,7.165651e-05,6.4589005e-07,5.835417e-06,3.5695894e-08,7.965974e-08,0.0038595162,5.582648e-07,3.1157385e-06,0.99604756,1.1404829e-08,1.1300762e-06,3.504372e-06,6.364665e-06,1.5608158e-08,4.2390122e-10
-661.9867,1,0.98355365,1,0.98355365,5.893703e-05,0.98355365,2.7769756e-06,2.702578e-09,0.0001240275,4.321354e-06,7.257167e-05,2.7245355e-07,3.857878e-09,4.689538e-06,0.00016848864,0.016006803,1.037861e-08,2.3295115e-06,1.009259e-06
-665.4009,2,0.7267509,2,0.7267509,0.04293506,0.013528227,0.7267509,3.3370775e-08,0.001951491,0.0006982912,0.0030936743,0.0045056613,3.2572712e-05,0.0016458468,0.18177767,0.0030554766,0.004012935,0.016007274,4.900745e-06
-463.55383,11,0.048105735,0,0.66285294,0.66285294,0.012388149,0.0073773237,1.564963e-07,0.009655229,0.006594424,0.03324468,0.00129537,2.295359e-05,0.040170144,0.17489624,0.048105735,0.00039246638,0.0029915068,1.2704013e-05
-581.6509,12,0.99173766,12,0.99173766,0.002529114,1.8328616e-05,0.0012354915,1.6463599e-06,0.0002524935,0.0007790981,7.3123033e-06,5.6680585e-07,6.662076e-08,0.00014277193,0.0002525549,0.0015250051,0.99173766,0.0015167348,1.134709e-06
-682.8794,12,0.0017127591,11,0.50921273,4.3039645e-06,0.0014142754,0.015691005,8.4825695e-07,0.37651268,0.09202884,0.003420959,1.9295687e-11,1.0641407e-07,9.851773e-09,1.026572e-06,0.50921273,0.0017127591,3.7182704e-07,3.8383337e-08
-258.0011,5,0.23523328,4,0.47166446,0.013832707,1.2858522e-05,0.000557085,1.6348607e-09,0.47166446,0.23523328,0.07392949,0.00030352696,8.521258e-06,1.8772171e-06,0.19640441,0.007944326,1.2945332e-08,2.2714927e-05,8.466237e-05
-134.20662,1,0.009944129,11,0.9454826,0.006891657,0.009944129,0.00034321344,6.106427e-05,0.002080246,0.0040421863,0.00021462052,1.1593392e-09,1.6621282e-09,1.1290853e-05,0.0039382507,0.9454826,6.4713436e-06,0.00018216867,0.0268022
-592.5144,11,0.9573625,11,0.9573625,0.0040857983,0.009215912,1.5929201e-05,3.682643e-08,0.0018443324,0.022187792,0.0001909787,1.5055448e-08,1.0318111e-10,0.00015706454,0.004901335,0.9573625,5.566661e-07,7.661225e-06,3.0167927e-05
-380.77448,14,0.13577893,9,0.64818716,0.006584985,0.20796706,1.7555989e-05,3.1299408e-09,5.0039745e-07,2.1731744e-07,3.1915076e-06,0.00020221886,1.4135626e-09,0.64818716,0.00017534697,0.000126042,1.5522894e-05,0.0009413455,0.13577893
-314.8016,2,0.9723981,2,0.9723981,0.00032883912,0.012511924,0.9723981,5.043166e-07,0.0007229809,2.4552543e-05,0.00018847604,2.4351344e-05,8.682424e-06,0.00023702632,0.010027033,0.00089115027,0.00013856168,0.0024971557,6.433817e-07
-263.24957,1,0.23655768,11,0.75836754,0.0010113543,0.23655768,0.00013319655,6.556935e-07,0.0010731338,0.0007438103,0.00054516137,5.465486e-08,2.4803473e-08,0.0001596739,0.0012830624,0.75836754,2.9711324e-05,7.085649e-05,2.4209656e-05
-464.80435,7,0.7138326,7,0.7138326,0.004487203,0.2599586,0.005452188,3.5829078e-07,0.00028314837,0.0003425522,3.466777e-05,0.7138326,5.8237758e-05,0.0005354449,0.0045825546,0.0038736963,0.0065408004,1.6812894e-05,1.1711959e-06
-53.853905,1,0.009088693,2,0.61643326,0.00824985,0.009088693,0.61643326,9.5634874e-05,0.063555285,0.10019421,0.00203181,0.00022150543,0.00038857345,2.2916377e-06,0.00086876395,0.02350863,0.17311807,0.0022424133,1.0376127e-06
-322.49738,0,0.0008301947,5,0.4818645,0.0008301947,0.000437044,8.7241235e-05,2.0342281e-07,0.1596835,0.4818645,0.18046844,0.00026544015,5.2930764e-06,6.795177e-07,0.17273249,0.0036226017,8.9822805e-08,2.2405902e-06,5.015428e-08
-533.81244,4,0.08544076,5,0.5122768,0.003405662,3.952929e-06,0.0014511262,2.5285203e-09,0.08544076,0.5122768,0.36038604,3.219705e-05,0.034722354,1.7024297e-06,0.0011489599,0.000583258,5.7310453e-06,0.0005321088,9.420859e-06
-788.72656,9,2.0583631e-05,3,0.5014669,0.0006808985,8.569572e-07,0.47675797,0.5014669,3.5691414e-07,1.679592e-08,3.1955762e-09,2.0568831e-11,2.5026485e-14,2.0583631e-05,0.00591615,6.8374464e-07,0.0008029053,0.0014876864,0.012865077
-355.54556,3,0.7888676,3,0.7888676,1.9999694e-05,2.5504012e-06,0.0005782795,0.7888676,2.4919313e-08,3.719571e-09,1.7037196e-06,1.801967e-09,7.942202e-11,8.791774e-06,0.04217998,6.59813e-08,5.7348075e-08,0.0015614417,0.16677956
-415.75372,14,7.2620624e-06,2,0.9960509,0.00012958891,1.435073e-07,0.9960509,1.1548749e-08,3.195117e-06,0.00010932906,2.6447909e-08,0.0035651398,5.3515687e-06,2.9936274e-08,1.3539037e-05,1.5399081e-07,8.697043e-05,2.8296465e-05,7.2620624e-06
-583.3375,6,1.7238436e-08,14,0.99997056,1.0196323e-05,2.5585605e-11,5.449033e-10,1.9049297e-14,2.6828384e-10,7.9703035e-08,1.7238436e-08,2.9063767e-11,2.073285e-12,1.5233352e-06,3.394956e-08,2.071458e-09,7.980798e-12,1.7665196e-05,0.99997056
209.54568,2,0.0003062297,8,0.99196154,0.00078911614,1.07721535e-05,0.0003062297,7.557033e-12,1.5830208e-10,0.006649865,3.4823888e-10,8.352359e-06,0.99196154,0.000250033,3.1471477e-06,1.735966e-06,1.922917e-05,1.1664576e-08,8.14634e-09
-53.301147,1,0.99991095,1,0.99991095,1.1251583e-05,0.99991095,3.4652484e-07,2.2871065e-09,1.485123e-10,5.578434e-09,1.4354751e-09,4.829004e-09,1.4741524e-11,3.7017542e-06,4.933303e-06,6.8347246e-05,1.2294053e-07,8.934505e-08,2.4111344e-07
-728.14514,10,0.99140024,10,0.99140024,0.000591786,1.3656527e-06,0.0029082915,3.4501042e-08,0.00012884947,8.180716e-07,1.4923739e-06,7.9438595e-10,3.6462955e-12,4.968842e-08,0.99140024,2.690008e-06,8.14818e-12,0.0023710562,0.002593337
-153.61862,10,0.006769591,11,0.8218632,0.014186735,0.0997817,0.00026430818,1.4156433e-05,0.00034962923,0.056220073,0.000164977,1.0874254e-09,4.433447e-10,1.4675059e-05,0.006769591,0.8218632,3.3047502e-06,4.2664866e-05,0.00032495306
-394.98712,0,5.0510378e-05,7,0.953867,5.0510378e-05,0.0026602484,0.038596924,3.938117e-09,3.207738e-06,0.002760611,9.230979e-08,0.953867,0.0004853912,1.6117023e-07,3.6342435e-06,0.00049867266,0.0010690273,3.3003131e-09,4.4129874e-06
-286.81873,12,0.13039967,2,0.85068256,0.013785466,0.0016595977,0.85068256,1.2064281e-08,1.1288319e-08,5.0292488e-06,4.001957e-08,7.3399847e-06,7.19253e-05,0.0013614802,6.427544e-05,6.48017e-06,0.13039967,0.0016362802,0.00031990148
-187.45615,13,6.253862e-05,14,0.9989623,1.4416642e-06,2.1401902e-10,3.9050833e-06,2.5364558e-05,1.5926764e-14,1.02064204e-13,5.3964703e-14,7.543315e-11,2.1495761e-13,0.0009397175,4.7888443e-06,6.699084e-12,5.6448193e-09,6.253862e-05,0.9989623
-489.91943,0,0.0047577047,2,0.7079444,0.0047577047,3.4992616e-05,0.7079444,1.105265e-07,0.1527467,0.00160383,0.00021607922,3.3689922e-11,1.1887802e-09,1.5900683e-06,0.007861006,0.03413864,1.0409228e-07,0.036931723,0.05376317
20.512268,2,0.00904307,8,0.9888178,1.238406e-05,0.00014451679,0.00904307,7.850121e-10,5.2828377e-06,0.0018353416,8.180608e-05,1.5397976e-07,0.9888178,6.9189823e-09,8.8805336e-07,2.0679388e-06,4.8640937e-05,8.099838e-06,4.755776e-10
-497.9537,10,0.004343241,11,0.81379753,0.00055848307,0.1445698,0.00040437514,2.125323e-06,0.008906844,0.022703942,0.004659459,2.9377881e-08,1.15150335e-07,3.0387037e-05,0.004343241,0.81379753,8.059592e-06,1.1081211e-05,4.5743222e-06
-771.09375,11,0.20644575,5,0.6041154,0.007007567,0.011638367,0.00030500736,1.02089075e-08,0.016677903,0.6041154,0.00071762817,5.9025073e-08,1.7233251e-09,2.4921792e-06,0.15300702,0.20644575,4.265446e-07,7.6077224e-05,6.2128884e-06
-145.0155,1,0.8111119,1,0.8111119,0.00013879803,0.8111119,0.06080561,5.1590773e-06,6.327111e-05,0.0062955655,4.98847e-06,1.0440439e-06,2.3275763e-05,7.6281715e-08,8.783371e-06,0.07639507,0.045126043,1.5702886e-05,4.6648533e-06
-187.24423,1,0.9760181,1,0.9760181,0.00045276067,0.9760181,0.0101759005,5.7762195e-06,0.00095710903,0.000104398954,0.0018956878,2.6280707e-06,1.903023e-06,1.5128616e-06,0.0024473616,0.007896703,2.4703006e-05,1.5463154e-05,1.5125917e-08
-660.3795,6,0.0021879214,5,0.66359234,0.022106469,7.1509945e-05,0.11589292,1.7519201e-07,0.083850935,0.66359234,0.0021879214,3.7302903e-05,2.0426156e-05,2.8387967e-07,0.0015657461,0.0300911,0.08047978,0.00010305793,4.567954e-09
-512.78394,7,0.9998617,7,0.9998617,1.0636779e-05,8.837011e-05,1.7433098e-05,2.6650995e-10,6.067772e-10,1.0682723e-08,2.4736884e-09,0.9998617,1.2866343e-05,2.5210459e-06,4.1290555e-06,8.863318e-09,2.172169e-06,4.8183537e-08,3.2103582e-08
-164.00674,11,0.46783566,11,0.46783566,0.008183387,0.07437595,0.00010253025,0.00013379903,0.24078672,0.16149692,0.024671376,1.0149545e-09,6.888247e-08,4.10939e-07,0.014481088,0.46783566,4.7754764e-07,0.0007045951,0.007226913
-419.33057,3,0.9969194,3,0.9969194,3.052993e-05,3.4579088e-08,1.8144663e-08,0.9969194,8.760456e-09,1.3933513e-07,1.2030475e-06,5.216253e-05,7.1207173e-06,4.7993337e-10,0.0029889473,2.1390067e-09,1.202881e-08,5.553127e-07,2.1681377e-09
-660.9718,6,0.06954629,10,0.5084571,0.09392442,0.002096491,0.07252111,1.9254482e-08,0.014912712,0.078490496,0.06954629,0.00046618524,1.7136328e-05,0.010623769,0.5084571,0.05070798,0.0029289697,0.09528417,2.3172985e-05
-349.22507,6,0.0017344255,5,0.9955491,0.0002783191,1.893986e-06,3.7690934e-05,8.1126016e-11,0.0004841431,0.9955491,0.0017344255,0.00010227008,1.2563536e-06,2.756916e-08,0.0017004124,0.000110030254,1.8650927e-07,3.3150246e-07,7.379955e-09
-468.04703,1,0.8922006,1,0.8922006,0.0001976159,0.8922006,3.263219e-06,1.0603552e-08,0.00021061896,1.5177485e-05,0.00025405182,3.607894e-07,2.0399e-08,1.7172728e-05,0.0020755415,0.105013534,9.038859e-08,1.1394034e-05,5.2164427e-07
-381.03342,8,0.9994868,8,0.9994868,3.5415404e-05,9.1768715e-07,4.7025856e-06,4.0385483e-11,6.932124e-08,1.2528177e-07,0.00010568832,1.2227237e-06,0.9994868,3.1705102e-07,2.2344608e-07,9.577943e-06,3.0870588e-06,0.00034499148,6.861701e-06
-629.98975,13,0.09653426,2,0.7257711,0.0003932873,3.0298239e-05,0.7257711,1.0989841e-05,6.2813604e-05,1.5814742e-06,1.4905217e-07,1.7777517e-06,6.4120935e-09,0.0043612137,0.0008109439,3.1479292e-05,0.17192852,0.09653426,6.149971e-05
-347.54248,1,0.9934802,1,0.9934802,2.3178201e-05,0.9934802,0.0012547165,2.1146946e-07,8.3745224e-05,2.2161753e-06,2.152988e-05,2.171703e-06,7.716085e-08,3.5548397e-05,0.00225173,0.002478183,2.2576121e-05,0.0003432362,6.233727e-07
-519.9768,7,0.99981457,7,0.99981457,7.548007e-08,2.64682e-07,1.4365288e-08,2.6661687e-10,6.9584173e-12,1.113332e-06,4.454143e-12,0.99981457,0.00018400331,1.5129136e-11,3.754795e-08,8.8261704e-10,2.5149272e-09,6.510604e-14,1.2249221e-10
-458.16412,4,0.68812686,4,0.68812686,0.007282812,0.0015565525,0.013762504,1.3656222e-08,0.68812686,0.005804647,0.00432942,9.522975e-07,1.9454909e-09,8.3805335e-06,0.20995672,0.06894962,1.7728608e-08,0.00019249841,2.9013261e-05
-802.6815,0,6.474519e-05,11,0.8761144,6.474519e-05,0.02759656,0.0013682717,6.5693376e-07,0.061085027,0.03187173,0.0017355279,8.6348556e-10,3.3759452e-08,3.156083e-06,0.0001303998,0.8761144,2.660233e-05,5.749644e-07,2.1867636e-06
-431.93475,6,0.0009091656,5,0.9649766,0.0008922472,1.2561719e-06,0.00011252598,1.5274201e-09,0.024504142,0.9649766,0.0009091656,4.321815e-07,2.0403013e-07,1.04516085e-08,0.0013510024,0.0072485413,2.6940036e-06,1.3215893e-06,1.5552176e-10
-507.2018,10,0.010786137,11,0.8999131,0.0008965768,0.07101017,0.0016269791,7.6277042e-06,0.010397894,0.001986553,0.0019529773,3.2544293e-07,4.5171063e-08,0.0013321501,0.010786137,0.8999131,5.9826107e-05,2.8949278e-05,6.770431e-07
-100.71353,3,0.9909971,3,0.9909971,2.0359308e-05,0.008314868,0.00057557656,0.9909971,1.5829069e-09,4.2032258e-09,4.6797095e-07,4.9055165e-10,2.8406337e-06,8.115803e-09,5.985703e-05,4.649881e-07,2.3593617e-05,3.7988866e-06,1.0879655e-06
-481.27545,7,0.0016616835,5,0.8196733,0.0013653205,1.4245618e-05,0.0015108275,2.2983794e-11,0.10267681,0.8196733,0.06197296,0.0016616835,0.00012403732,1.6504109e-06,0.003053753,0.007933889,1.0517426e-06,9.129629e-06,1.2662072e-06
-800.4564,9,0.99984777,9,0.99984777,9.445537e-05,2.3743332e-06,2.2392703e-07,2.100576e-06,4.3174733e-10,6.2143964e-11,2.6151485e-12,3.0506948e-09,8.182925e-18,0.99984777,5.4810725e-06,2.7502944e-07,1.089949e-05,1.3651588e-10,3.638725e-05
-345.56854,5,0.00091782195,0,0.8191223,0.8191223,0.016100291,0.120434016,8.428918e-11,1.9614108e-08,0.00091782195,4.8792312e-08,0.008902968,0.013040769,0.018094268,0.002761851,6.4528754e-06,0.00049544993,0.00012359722,1.5901715e-07
-449.56302,0,4.4772094e-07,7,0.99996674,4.4772094e-07,9.2881925e-07,3.0715208e-07,2.787482e-10,3.8616055e-11,1.215045e-08,8.472772e-10,0.99996674,3.0979118e-05,5.4278644e-09,6.324568e-07,9.172245e-11,2.3513191e-10,7.273679e-10,3.7138276e-10
-206.64372,12,0.94314206,12,0.94314206,0.00010881907,9.90859e-07,0.055279598,3.9623473e-08,0.00015825925,0.000101256555,2.4031166e-07,1.4577911e-08,9.9231325e-11,7.8477915e-06,1.2193453e-05,0.0011037167,0.94314206,8.4963714e-05,2.358149e-09
68.19202,10,0.0021903971,2,0.59181607,0.0055587436,0.002387343,0.59181607,1.7462828e-05,0.014390816,0.36272997,0.011450922,1.0090048e-07,0.0028747504,3.248184e-08,0.0021903971,0.0047627715,0.0012329513,0.0005875771,3.7448444e-09
-212.73174,7,0.94593847,7,0.94593847,1.1486993e-06,2.1968705e-07,0.00017193114,6.403762e-09,4.7049035e-08,9.378232e-06,2.4568832e-08,0.94593847,0.05387654,3.7728727e-09,1.7750879e-06,3.2016108e-09,2.1813153e-07,1.6717613e-07,1.7545153e-09
-246.48512,13,0.003328134,6,0.38131294,0.030408146,0.11007045,0.0019079588,1.7622868e-06,0.005028255,0.2498168,0.38131294,0.0020749504,0.0010926654,1.9140585e-05,0.046038568,0.16656853,1.4830033e-05,0.003328134,0.0023167878
-215.91196,4,3.919836e-08,5,0.718138,4.7037698e-05,0.018873218,4.884625e-07,6.5656636e-09,3.919836e-08,0.718138,3.028597e-07,0.22507249,0.008996831,3.6746414e-08,0.0048616515,0.024008736,3.7846524e-07,3.9170217e-10,8.355951e-07
-765.9189,14,1.4963772e-05,2,0.89876616,2.3122475e-05,0.0006868836,0.89876616,1.2968047e-05,0.0830476,7.969201e-06,0.0003239859,4.716836e-09,5.6766667e-06,4.2316054e-07,0.00027562762,0.014762707,1.1694834e-05,0.0020601712,1.4963772e-05
-710.7244,13,0.04172758,4,0.7610747,0.00043479886,2.0054188e-06,0.042773705,7.521704e-09,0.7610747,0.025812099,0.093422614,5.6171903e-06,0.022755874,1.9930667e-07,0.003271793,0.008655173,6.293155e-05,0.04172758,9.532968e-07
-174.80424,10,0.27742234,3,0.7026216,0.0012545302,0.0001565986,0.0025002656,0.7026216,5.861168e-05,0.0004311845,0.0009958557,5.3878102e-06,3.3668803e-07,1.7018981e-05,0.27742234,1.6860777e-05,2.1337091e-06,0.00015539223,0.014361897
-404.97873,14,0.9979207,14,0.9979207,9.128285e-07,1.0434256e-10,3.0652595e-07,6.32364e-11,6.585776e-07,1.7000933e-07,3.1908534e-09,2.927498e-14,5.424548e-15,1.0797663e-09,3.1305785e-07,1.8966129e-07,4.6843257e-10,0.0020768712,0.9979207
-889.9657,2,0.58229464,2,0.58229464,0.08663073,0.0010501399,0.58229464,3.0702242e-07,0.0013724033,0.0041824793,9.25427e-05,1.7895622e-05,8.160398e-08,0.0020562487,0.003373777,0.008525962,0.3098501,0.00054084824,1.1836149e-05
-599.38306,13,0.4505024,10,0.52067566,0.0017487258,8.103406e-09,0.0031316334,9.6991075e-11,0.012772002,0.0076171164,0.0033206372,0.000120448974,9.773689e-05,4.44808e-06,0.52067566,8.827632e-06,3.0843358e-07,0.4505024,4.830127e-08
-391.02356,1,0.0012013479,5,0.4479667,0.001579432,0.0012013479,0.17126003,5.4076736e-07,0.0026615146,0.4479667,0.0001238025,0.064157315,0.0072165863,2.5269304e-07,6.6037346e-06,0.0014489302,0.30236632,1.0325109e-05,3.7840246e-07
-576.2777,12,0.26877105,0,0.47749883,0.47749883,1.1400942e-05,0.0067584277,1.3480474e-05,0.026676584,0.1955216,0.00041740516,0.00043064248,7.1080643e-07,5.9867667e-05,0.010330614,0.013246444,0.26877105,0.00026293122,5.055819e-08
-456.146,4,0.009843033,5,0.85749894,0.0022587285,2.3761001e-07,0.0006226814,8.3370383e-10,0.009843033,0.85749894,0.08193208,0.005428967,0.031220535,3.1095656e-06,0.010864599,0.00015081829,2.3194755e-07,0.0001753194,6.987317e-07
-249.9876,3,0.9982843,3,0.9982843,0.0010465207,2.114077e-08,1.1268648e-08,0.9982843,8.740981e-06,0.000118083284,1.2831455e-06,5.7063287e-09,9.021011e-10,4.086367e-09,0.0005272057,1.2848078e-05,6.9941683e-07,2.2622464e-07,1.478562e-09
-886.5034,10,0.019541405,13,0.9652954,0.009786156,2.6466525e-09,0.0033157878,1.7108509e-10,0.00015368388,1.082991e-05,2.8218092e-06,1.522416e-06,3.6009695e-08,0.0014076288,0.019541405,2.299595e-06,2.1025605e-07,0.9652954,0.00048216552
-742.57935,9,0.2533516,0,0.49106628,0.49106628,1.0802236e-06,6.6283314e-06,0.0022975877,0.0012376861,0.009501903,0.0010094125,0.00013878933,5.928138e-08,0.2533516,0.22891988,6.103956e-05,0.0014161182,0.010969441,2.2538485e-05
-997.8275,14,0.00068369124,13,0.9989961,1.9317098e-05,4.906954e-11,0.00026008984,2.166109e-08,2.1838343e-07,8.926436e-11,3.4695675e-09,5.46422e-07,6.627677e-09,1.4647665e-05,2.4026098e-05,4.786419e-09,1.2979804e-06,0.9989961,0.00068369124
-100.19722,7,0.9943922,7,0.9943922,2.4937578e-06,6.835347e-07,2.070877e-06,3.2381604e-09,5.82275e-09,0.0038987477,2.445663e-09,0.9943922,0.0017010795,8.442087e-11,2.7136923e-06,2.7812503e-08,4.483965e-09,6.0558355e-12,1.643488e-09
-331.02695,7,0.9867273,7,0.9867273,1.6329506e-07,3.571767e-07,1.7395629e-06,3.6173265e-08,4.318377e-09,0.0015078667,4.7304755e-10,0.9867273,0.011758469,2.0636798e-11,4.6531813e-08,7.811063e-08,3.834519e-06,7.837896e-12,1.1760524e-09
-238.57608,7,0.99981254,7,0.99981254,1.8475454e-05,2.6516505e-05,8.722348e-07,1.4096116e-08,1.4109709e-07,7.240873e-05,1.3335789e-07,0.99981254,9.8457795e-06,1.1483234e-08,5.8842736e-05,1.7689003e-07,3.7061543e-08,2.3420734e-09,2.7624756e-09
-450.20355,2,0.99993324,2,0.99993324,4.0685168e-07,7.161771e-08,0.99993324,2.0241267e-13,2.7856943e-09,1.0847574e-07,8.4385887e-10,1.5615484e-09,1.6587042e-06,9.866444e-10,3.4128797e-07,6.62941e-11,1.7579212e-07,6.39341e-05,1.1430597e-12
-614.724,11,0.054545883,5,0.83978504,0.0014195896,9.73433e-05,0.0025518106,4.9133583e-08,0.08922244,0.83978504,0.0036822758,5.175576e-07,1.6261725e-07,3.5495577e-05,0.008153759,0.054545883,0.00035024108,0.0001553269,1.3680626e-07
-423.615,8,0.9999938,8,0.9999938,4.0739354e-07,3.3933596e-11,1.8081178e-06,5.3997558e-14,2.71537e-10,2.6381497e-06,2.2909298e-08,1.3150485e-06,0.9999938,3.9088e-09,2.4305788e-08,1.0576122e-09,4.0272116e-10,1.5588823e-08,1.3500485e-10
-539.74725,11,0.08947646,10,0.59197885,0.07680241,0.0003922655,0.029851941,4.5289613e-07,0.05047022,0.041285075,0.0026454325,0.00031776688,1.00281476e-07,0.08332443,0.59197885,0.08947646,0.026739836,0.006714156,6.4574135e-07
-427.92175,14,0.9999995,14,0.9999995,1.4773542e-07,4.641469e-13,1.255727e-10,6.0350175e-18,2.668557e-12,1.9513893e-09,9.409131e-13,2.733818e-14,2.383329e-17,2.1926152e-07,6.7600314e-11,2.3864308e-10,9.589881e-13,7.775049e-08,0.9999995
-288.89395,7,0.99887496,7,0.99887496,9.217261e-05,0.00012854706,0.000113132744,7.599883e-08,2.0448852e-05,1.6754158e-06,0.00024829686,0.99887496,8.749736e-05,2.4762323e-07,0.00039096904,1.06303766e-07,8.1453817e-07,4.1073337e-05,5.44794e-08
41.31927,8,0.92032415,8,0.92032415,4.8024347e-05,2.9769353e-07,0.00025091117,1.5122927e-08,8.538353e-07,0.079152755,2.7430624e-05,4.163516e-05,0.92032415,3.200034e-08,0.00015298303,5.23424e-07,2.6609232e-08,3.8195313e-07,7.438471e-08
-493.5657,6,0.048704643,5,0.6963819,0.01350012,3.3422211e-06,0.00016130069,2.2339952e-09,0.20396979,0.6963819,0.048704643,0.0006601915,1.3281309e-06,3.1052274e-05,0.02923363,0.007327142,6.829112e-07,2.300698e-05,1.8496495e-06
-541.7544,3,0.9999924,3,0.9999924,3.5310523e-09,6.415385e-09,1.3051408e-07,0.9999924,2.967999e-09,6.079621e-09,2.4213351e-08,1.8549415e-11,3.0532344e-11,6.1758866e-14,7.5525963e-06,5.0838495e-10,5.4749233e-11,1.251958e-11,1.2671362e-11
-419.45694,4,0.01015575,2,0.98617077,5.820976e-07,1.0256766e-07,0.98617077,7.756435e-11,0.01015575,1.9507444e-05,0.0010167704,1.5591731e-09,0.00034536317,6.8015076e-08,4.537237e-06,4.6998507e-06,4.2023453e-06,0.0022775587,1.5127742e-07
-377.5388,14,0.9911841,14,0.9911841,2.3574933e-06,7.0736114e-13,1.8105203e-06,2.1073987e-10,6.278818e-06,4.635526e-07,1.051534e-11,1.3215075e-15,2.4370385e-16,1.566492e-10,8.384297e-06,4.9547924e-07,1.4785232e-11,0.008796181,0.9911841
-509.19757,4,0.9204532,4,0.9204532,1.2063933e-05,0.00069753476,0.0019845187,3.5345712e-07,0.9204532,0.0097429035,0.040624537,9.0728136e-08,6.556824e-05,6.678179e-09,0.0005036495,0.02590842,1.4991408e-06,5.649665e-06,2.4472858e-08
-381.18063,7,0.00011470254,4,0.33500034,0.008111911,9.807319e-06,0.02946294,2.8697435e-11,0.33500034,0.3157345,0.08628236,0.00011470254,3.772988e-05,1.1589646e-06,0.22031608,0.002083957,4.163442e-08,0.0028390845,5.3711647e-06
-581.24585,4,0.0049425084,12,0.65333265,0.048661817,3.7177237e-05,0.25480038,3.6521493e-07,0.0049425084,0.0031437206,0.0002228513,0.00030838346,3.335439e-07,0.0009045069,0.023473691,0.0071624583,0.65333265,0.0030091659,2.0352616e-08
-384.84552,6,3.3620545e-05,5,0.99894947,1.4666424e-05,2.0302666e-07,0.00011882382,2.9504642e-11,0.000602599,0.99894947,3.3620545e-05,3.3341732e-07,3.4952902e-07,2.5600524e-10,6.9485063e-06,0.00026464715,8.282864e-06,7.814539e-08,4.0095233e-10
-966.8092,11,0.103115134,12,0.36853138,0.0011338943,0.00072537584,0.2576705,2.1926427e-07,0.00791207,0.011800336,0.0014089013,7.769946e-07,0.00013641501,0.0019491469,0.00033097612,0.103115134,0.36853138,0.24411342,0.0011714327
-619.2634,1,0.052827712,11,0.8791262,0.00030020537,0.052827712,0.00026886666,3.0814823e-05,0.043554593,0.023067234,0.0004966388,1.23644375e-08,2.756625e-07,7.007469e-08,0.00016543569,0.8791262,0.00015177511,9.2343125e-06,8.8105145e-07
-342.10535,6,2.3143841e-06,5,0.999592,8.204465e-05,6.158673e-08,1.0869809e-05,3.9033704e-13,5.8967735e-06,0.999592,2.3143841e-06,0.00014046745,3.986189e-07,6.774641e-09,0.000107949585,5.795454e-05,1.9427875e-07,2.6817268e-09,1.0678715e-09
-525.36633,11,0.010755494,1,0.76104397,0.14729245,0.76104397,0.0016758741,3.7434407e-07,4.6020327e-06,9.237812e-06,6.8007084e-06,5.0379606e-07,1.5534429e-10,0.07078262,0.008108478,0.010755494,9.787069e-05,0.00013960092,8.214474e-05
-522.5503,14,0.7994033,14,0.7994033,0.0004594502,1.5537702e-05,8.068805e-08,2.4241171e-09,7.0208706e-08,1.6117216e-08,2.3032715e-05,1.5535492e-05,9.280152e-08,0.19989333,0.00013770795,7.5345906e-07,5.0170296e-10,5.1094463e-05,0.7994033
-89.08813,10,0.012932086,2,0.9514408,0.0028748359,0.0007618076,0.9514408,1.1329896e-06,0.0018754598,0.0035185067,0.0057546007,0.00024992123,0.0062090172,6.638368e-06,0.012932086,7.655861e-05,0.0002268138,0.014071645,1.6971609e-07
-679.98535,11,1.181051e-06,10,0.99604166,8.526015e-05,1.2408415e-06,0.0020132954,6.289451e-08,0.0017612199,2.0173938e-07,7.0788556e-06,6.515634e-06,2.2235893e-08,7.5009405e-07,0.99604166,1.181051e-06,1.6761632e-11,8.0480255e-05,9.429378e-07
-840.829,10,0.008114956,1,0.5430369,0.0023937058,0.5430369,0.026940688,7.8068615e-07,0.07502643,0.0076618455,0.23757145,0.0003219609,1.0714342e-05,1.5790301e-05,0.008114956,0.09797141,2.0628812e-07,1.1586086e-06,0.000932025
-431.1158,4,0.0033171256,5,0.9902513,0.00043293292,3.2803902e-09,0.00014329031,9.3370596e-11,0.0033171256,0.9902513,0.0011288426,2.6864489e-05,0.0044603185,6.6807853e-09,3.732921e-05,0.00019828696,2.3012042e-06,1.387622e-06,1.0781187e-08
-941.5796,0,0.00013413318,12,0.93876565,0.00013413318,0.0014012761,0.056753792,2.7212604e-07,2.058198e-05,4.707898e-07,2.2535187e-05,3.699437e-08,8.3094534e-07,0.0004790812,1.0312338e-06,0.0022000987,0.93876565,0.00019362631,2.6614163e-05
-480.97034,4,0.1129678,5,0.81010985,0.0011918903,4.761495e-05,0.005550324,6.970783e-08,0.1129678,0.81010985,0.0039801085,1.1173513e-06,5.5651105e-07,1.5529258e-06,0.007898037,0.057976797,0.00023957432,3.4757788e-05,6.429504e-09
-863.9677,14,0.9999416,14,0.9999416,3.4998262e-05,1.3511668e-08,2.559053e-07,9.1729635e-10,6.1316664e-06,5.311682e-07,2.653866e-06,2.1999507e-09,2.7342337e-10,3.0610842e-08,9.46755e-06,3.2947867e-06,5.333338e-12,1.1011982e-06,0.9999416
-338.1114,7,0.99859935,7,0.99859935,2.8342992e-10,2.5128324e-10,2.4450902e-10,2.5886796e-14,2.9946913e-17,0.0013562822,4.2013175e-19,0.99859935,4.4381934e-05,2.2512338e-14,5.3894916e-10,1.6550329e-11,2.2334229e-12,1.20451e-20,3.297157e-14
-461.4004,5,0.96679974,5,0.96679974,0.0003423548,3.5563687e-07,5.686907e-06,1.461052e-10,0.015640458,0.96679974,0.015851876,1.3550878e-06,7.380399e-06,2.5523994e-09,0.0012719224,7.8875535e-05,1.933278e-09,6.523106e-08,2.6506457e-09
-353.1646,1,0.10702741,11,0.82995766,0.0017960719,0.10702741,0.0021840474,1.5181378e-07,0.039967883,0.005571487,0.009810107,4.8114834e-06,8.433053e-06,7.617278e-06,0.003434244,0.82995766,0.00013153626,9.650382e-05,1.9776573e-06
-260.60938,12,0.023184003,11,0.8216641,0.00019827056,0.00077466917,0.09540969,1.3846835e-06,0.019846532,0.03512982,0.00013429571,1.4101482e-09,1.1239145e-09,0.0001761258,0.0025591403,0.8216641,0.023184003,0.00092007226,1.891375e-06
-19.921371,9,0.035451762,14,0.96433574,9.991806e-08,1.2477589e-09,5.500577e-08,7.550256e-08,1.201383e-12,3.6170855e-13,3.2116687e-14,3.5790506e-14,4.8248405e-20,0.035451762,1.1445244e-07,7.4759476e-10,9.82737e-08,0.00021209406,0.96433574
-769.7192,9,0.99958116,9,0.99958116,0.00022487399,1.4996152e-07,2.3716512e-07,8.804101e-07,1.904241e-08,4.0309303e-09,4.9872555e-09,6.206199e-08,8.208361e-14,0.99958116,0.0001892571,8.258258e-07,4.436413e-07,3.7127034e-08,2.077104e-06
-891.41766,12,0.9840186,12,0.9840186,0.00029728646,8.2480125e-05,0.014502099,5.225265e-09,9.552577e-06,3.3035183e-06,9.44179e-06,0.0010237367,7.797076e-06,4.502839e-06,9.998739e-07,3.2588887e-05,0.9840186,7.478614e-06,6.089111e-08
-400.13327,10,0.78816575,10,0.78816575,0.1332757,0.0005782277,0.00032895763,7.973654e-08,0.00014118403,3.7659433e-05,0.006498347,0.0018869167,0.02793552,0.002137109,0.78816575,0.00021079596,2.415619e-08,0.038266078,0.0005376081
-723.7728,9,0.9984724,9,0.9984724,0.0013842658,9.222788e-10,5.423347e-07,3.40212e-11,2.3346778e-09,1.4793575e-08,6.568949e-11,1.0049055e-07,3.7852804e-16,0.9984724,7.068095e-06,3.2410966e-08,0.00013546407,4.137763e-08,4.4227676e-08
-572.42084,11,0.011749715,1,0.86043423,0.0896098,0.86043423,0.003266623,4.878569e-08,2.2406926e-05,2.303044e-05,2.0043648e-05,6.08264e-06,1.3691016e-09,0.02358308,0.010886035,0.011749715,6.4824286e-05,0.0001125245,0.00022151401
-869.1307,10,0.9104125,10,0.9104125,0.05126709,1.0660509e-06,0.005235393,1.3069974e-10,0.0049558487,0.016897406,0.0014188159,0.0006464703,3.1614512e-05,1.7747345e-07,0.9104125,3.6959907e-05,3.9928443e-07,0.009096235,2.4266132e-08
124.755905,3,0.99605393,3,0.99605393,2.2604634e-06,4.796172e-05,0.0032598714,0.99605393,5.7626035e-06,3.9557116e-07,1.2279078e-06,2.4476443e-12,1.6855904e-11,3.327579e-09,0.00061765197,3.5725925e-06,7.1983304e-06,1.7908025e-07,2.1332809e-09
-653.1364,14,0.98089176,14,0.98089176,0.009249993,2.1948877e-05,1.1421893e-05,3.1612153e-08,1.0297877e-06,0.0001586344,0.00011036005,0.000172807,8.620917e-08,0.004928763,0.003044571,0.00076878304,8.774532e-08,0.00063960283,0.98089176
-485.31943,3,0.9998611,3,0.9998611,8.147749e-07,3.8309635e-09,4.2080326e-05,0.9998611,3.6386503e-08,1.6487695e-07,1.7710354e-07,1.7223067e-09,1.1239064e-07,7.536991e-12,9.482831e-05,6.283412e-09,6.5872337e-07,3.058107e-08,4.9614802e-11
-835.3268,9,0.99934596,9,0.99934596,0.0004744589,6.251497e-11,2.4447806e-07,1.7977074e-10,4.865594e-09,2.112095e-08,1.7756795e-10,3.3947893e-07,4.8971786e-15,0.99934596,7.589977e-06,9.251591e-09,0.00017112329,1.4873709e-07,7.852412e-09
-357.21527,3,0.5946028,3,0.5946028,3.1716078e-05,2.4807092e-05,0.20403892,0.5946028,7.139211e-06,0.041663155,6.2029853e-06,1.5503101e-08,1.3461046e-06,3.1379035e-10,0.10444849,4.2188162e-06,1.150742e-08,6.4317055e-06,0.055164766
-663.58405,11,1.5663257e-06,9,0.96388453,0.009705548,7.340472e-07,6.291237e-07,4.1715857e-08,7.9310786e-07,6.608605e-06,0.00039766924,0.00075130706,1.0598269e-06,0.96388453,0.0018455733,1.5663257e-06,5.1371508e-08,0.0040775742,0.019326221
-149.52383,3,0.60310906,3,0.60310906,3.4433788e-07,1.1649618e-05,4.2673615e-05,0.60310906,0.010968844,0.27881882,5.9681173e-05,8.099665e-09,4.3348134e-11,1.1172854e-09,0.017222496,0.0018316668,7.513771e-10,5.198234e-08,0.08793468
-513.88324,12,0.99936026,12,0.99936026,0.00048687187,1.2879083e-09,1.2022547e-05,7.0913098e-09,1.3678783e-06,3.7149114e-06,8.994815e-08,1.5357089e-06,3.04218e-08,7.3208386e-05,2.7347312e-07,2.5605892e-05,0.99936026,3.4972913e-05,1.9412899e-10
28.215927,8,0.9999436,8,0.9999436,3.57952e-07,2.2872675e-10,1.2006379e-07,5.0232607e-15,4.3361716e-12,5.5783883e-05,8.6822986e-11,1.4642625e-07,0.9999436,3.4635577e-09,2.0766595e-09,9.331134e-09,1.3638283e-08,1.2429469e-10,1.7317786e-12
-549.8832,10,0.0035865086,11,0.5322072,0.014734642,0.4435593,0.0016006761,1.6542549e-06,0.0029333546,0.0012889022,6.270663e-05,6.989522e-07,8.6986696e-10,4.430344e-06,0.0035865086,0.5322072,1.951133e-05,1.9467743e-07,2.1782283e-07
-426.0904,0,0.25802907,2,0.5599854,0.25802907,0.0004960502,0.5599854,2.7631344e-08,0.009192482,0.03982891,0.0048820022,0.00052468124,9.52886e-05,0.0022649977,0.12193721,0.0011826891,2.3768458e-05,0.0013552557,0.00020216459
-886.0804,13,0.6523417,13,0.6523417,0.0023857104,4.760582e-07,0.31118646,3.6962722e-09,0.009384819,0.0032720442,0.0068548466,2.1323285e-06,0.0014007938,4.6044264e-05,0.00028040053,0.0005197408,0.012232935,0.6523417,9.1930015e-05
-438.40436,14,0.633045,14,0.633045,0.018996222,0.0010087389,0.00043725615,3.2295846e-09,0.0018150236,5.0098708e-05,4.2121406e-05,1.346661e-09,9.437545e-12,0.0013045071,0.09350201,0.19130813,1.947663e-08,0.058490917,0.633045
-448.037,13,0.02739239,10,0.864806,0.008894008,1.9476373e-07,0.0040676557,4.016462e-09,0.06578705,0.02418057,0.004506099,4.1162373e-05,3.54361e-05,7.2506697e-07,0.864806,0.00028807763,1.4906175e-07,0.02739239,4.8945014e-07
-249.02603,13,0.16854495,2,0.31926978,0.06958695,0.023678206,0.31926978,2.4437298e-07,0.10236328,0.005255888,0.26318428,0.0033672792,0.0213517,0.00050292053,0.010700028,0.004216588,0.007931081,0.16854495,4.677796e-05
-694.87646,9,0.9859342,9,0.9859342,0.0117698535,0.0003682087,5.23977e-06,2.9596333e-07,1.6847272e-06,7.71736e-06,4.5293568e-08,2.8285758e-09,8.417911e-15,0.9859342,0.0002880232,0.00080106314,1.7814973e-05,1.0235386e-06,0.00080479996
-481.44437,13,0.8752018,13,0.8752018,0.0014779337,7.717082e-07,0.010747234,9.721569e-08,0.00025375327,0.00097538694,2.5383906e-05,9.978583e-05,2.7034805e-06,0.085860536,0.0118259,0.0003602924,0.01268103,0.8752018,0.00048737333
-591.67395,4,0.00016672804,2,0.94164175,0.018140918,0.0031395433,0.94164175,2.2468993e-09,0.00016672804,0.0008165979,0.00022799347,3.7806683e-05,0.00027515797,0.0010803746,0.016743794,0.0002536523,0.00015287443,0.017322564,2.136923e-07
-32.582497,8,0.99999917,8,0.99999917,1.0793121e-07,2.005727e-10,8.121517e-09,4.6406844e-11,2.5042062e-11,6.113227e-07,1.6308793e-08,1.2702145e-07,0.99999917,7.562712e-09,5.758689e-09,3.5197663e-09,1.4130731e-08,7.1043886e-09,5.6408513e-11
-427.79593,4,0.04036814,5,0.5276713,0.00019535227,3.5889183e-09,0.0002600087,3.2517544e-10,0.04036814,0.5276713,0.048432346,8.090256e-06,0.37600577,7.0466115e-07,2.5435098e-05,3.8350146e-05,0.0014186011,0.005575876,1.2533151e-08
-762.67615,11,0.43354166,11,0.43354166,0.0017051435,0.00090822764,0.009363575,0.003385231,0.30152488,0.23739399,0.009458192,2.8822589e-09,2.3205332e-06,2.257874e-06,3.689817e-05,0.43354166,0.0026246046,9.432138e-06,4.3551205e-05
-347.36862,2,0.9974118,2,0.9974118,1.101749e-05,0.0011003918,0.9974118,6.134616e-09,0.00029994964,4.8230846e-05,0.000592295,1.9955881e-07,0.00048987573,2.352979e-07,1.5140355e-05,7.071746e-06,1.982148e-05,4.050527e-06,1.1330947e-08
