Frame,Action,clapping_prob,other_prob,num_people,inference_time,frame_rate,detection_time,pose_time,track_time,action_time
31,Other,0.07946582,0.7159274,2,0.0989997386932373,10.101036762315315,0.009001493453979492,0.03699922561645508,0.0010008811950683594,0.03699827194213867
32,Other,0.078399464,0.71864694,2,0.11100029945373535,9.008984704737644,0.009000062942504883,0.03699922561645508,0.0019998550415039062,0.03800010681152344
33,Other,0.0781594,0.71703523,2,0.11200237274169922,8.928382279063035,0.009000301361083984,0.04200148582458496,0.001999378204345703,0.03599977493286133
34,Other,0.07953922,0.7141075,2,0.10799908638000488,9.25933758811076,0.010000228881835938,0.03900003433227539,0.0,0.040001630783081055
35,Other,0.07983599,0.7156587,2,0.10700058937072754,9.345742914885037,0.009000778198242188,0.03900027275085449,0.0,0.04000091552734375
36,Other,0.07732641,0.7179945,2,0.11099863052368164,9.009120160150529,0.008999824523925781,0.04500150680541992,0.0,0.03699827194213867
37,Other,0.077526845,0.7180379,2,0.10500025749206543,9.523786168577416,0.010000228881835938,0.039000749588012695,0.0019996166229248047,0.03699970245361328
38,Other,0.07790961,0.7161764,2,0.1119992733001709,8.928629361012774,0.008998870849609375,0.039999961853027344,0.0019998550415039062,0.03799915313720703
39,Other,0.07539417,0.72164637,2,0.10599946975708008,9.434009455818117,0.00899815559387207,0.04000115394592285,0.0,0.03899860382080078
40,Other,0.07584441,0.72313595,2,0.10900163650512695,9.174174187311072,0.009999513626098633,0.041998863220214844,0.0,0.034000396728515625
41,Other,0.07592717,0.72203314,2,0.10799956321716309,9.259296706498919,0.008997917175292969,0.03800034523010254,0.0,0.03800010681152344
42,Other,0.07803918,0.71996707,2,0.10799884796142578,9.259358029052056,0.009000062942504883,0.0410003662109375,0.0010013580322265625,0.034998416900634766
43,Other,0.07892606,0.7200432,2,0.0970003604888916,10.309240037458615,0.009001016616821289,0.03699994087219238,0.0,0.02799820899963379
44,Other,0.07725435,0.72157294,2,0.11001276969909668,9.089853866375396,0.009000062942504883,0.04100203514099121,0.0,0.040996551513671875
45,Other,0.07689777,0.72053516,2,0.08800005912780762,11.363628728335758,0.007999897003173828,0.03599977493286133,0.0,0.026996850967407227
46,Other,0.07716906,0.72020984,2,0.10000276565551758,9.999723442096881,0.008999824523925781,0.03600001335144043,0.0,0.034003257751464844
47,Other,0.07694238,0.7205882,2,0.08399844169616699,11.90498275690788,0.007999181747436523,0.03500032424926758,0.0,0.029000282287597656
48,Other,0.07589661,0.7220564,2,0.09799861907958984,10.20422542064442,0.009000062942504883,0.03500103950500488,0.0009987354278564453,0.032000064849853516
49,Other,0.07696507,0.7232405,2,0.09000015258789062,11.111092273131861,0.007999897003173828,0.03600001335144043,0.0,0.031000137329101562
50,Other,0.076496765,0.7234523,2,0.08800005912780762,11.363628728335758,0.007999658584594727,0.03400015830993652,0.0,0.0279998779296875
51,Other,0.07738128,0.72326016,2,0.09500002861022949,10.526312619366108,0.007999897003173828,0.034999847412109375,0.0010013580322265625,0.02999711036682129
52,Other,0.075483285,0.7254564,2,0.0930016040802002,10.752502711003212,0.00800013542175293,0.032999515533447266,0.0,0.029999971389770508
53,Other,0.07574219,0.7250579,2,0.09299826622009277,10.752888635938298,0.007999897003173828,0.03400063514709473,0.0,0.030999422073364258
54,Other,0.07600364,0.7264743,2,0.0950007438659668,10.526233367297259,0.007999897003173828,0.03399991989135742,0.0009999275207519531,0.033000946044921875
55,Other,0.07721578,0.7233956,2,0.09099936485290527,10.989087688869443,0.007999658584594727,0.03499913215637207,0.0,0.029999971389770508
56,Other,0.07623187,0.72455704,2,0.09000039100646973,11.11106283891716,0.008000850677490234,0.033998727798461914,0.0010001659393310547,0.02700042724609375
57,Other,0.076335706,0.7232034,2,0.09301352500915527,10.751124633773104,0.007999897003173828,0.03401374816894531,0.0,0.028000354766845703
58,Other,0.07546806,0.72657067,2,0.09100127220153809,10.988857362184199,0.008000373840332031,0.03299975395202637,0.0010001659393310547,0.0280001163482666
59,Other,0.07760801,0.7227695,2,0.07599902153015137,13.15806414169775,0.007999420166015625,0.031999826431274414,0.0010001659393310547,0.02700018882751465
60,Other,0.07716891,0.7233607,2,0.07599973678588867,13.157940307310064,0.006999969482421875,0.031000852584838867,0.0,0.027998924255371094
61,Other,0.07796312,0.72345173,2,0.07900023460388184,12.658190257461122,0.007999897003173828,0.031000137329101562,0.0010004043579101562,0.026999711990356445
62,Other,0.0764607,0.7248965,2,0.0819997787475586,12.195154856192504,0.0069997310638427734,0.032000064849853516,0.0010001659393310547,0.03099966049194336
63,Other,0.0977388,0.69220775,2,0.0950002670288086,10.526286201877227,0.00800180435180664,0.0319981575012207,0.0,0.03200030326843262
64,Other,0.08299201,0.7184997,2,0.09300017356872559,10.752668104011834,0.0070002079010009766,0.03300046920776367,0.0,0.03199958801269531
65,Other,0.116090715,0.66028935,2,0.08999943733215332,11.111180576711657,0.007002830505371094,0.03299570083618164,0.0,0.028999805450439453
66,Other,0.088469274,0.7112634,2,0.07800054550170898,12.820423159452007,0.007999658584594727,0.032000064849853516,0.0010001659393310547,0.028000354766845703
67,Other,0.2506305,0.44417527,2,0.07599973678588867,13.157940307310064,0.006999969482421875,0.030999422073364258,0.0,0.029000043869018555
68,Other,0.19162506,0.5335173,2,0.07700014114379883,12.986989181389761,0.006999969482421875,0.03099989891052246,0.0009999275207519531,0.028000354766845703
69,clapping,0.35707888,0.32359016,2,0.08000040054321289,12.499937415436333,0.006999969482421875,0.032000064849853516,0.0,0.03000020980834961
70,clapping,0.39093542,0.29232562,2,0.08100032806396484,12.345629010419733,0.006999969482421875,0.032999515533447266,0.0010001659393310547,0.030000686645507812
71,clapping,0.43690893,0.2453358,2,0.08899950981140137,11.236016941206726,0.007999658584594727,0.031002283096313477,0.0010001659393310547,0.027997255325317383
72,Other,0.26810127,0.43028256,2,0.07700061798095703,12.98690875763243,0.006999969482421875,0.031000614166259766,0.0009999275207519531,0.02700018882751465
73,Other,0.22144976,0.48649612,2,0.08199906349182129,12.195261231242494,0.0070002079010009766,0.03099989891052246,0.0,0.031000137329101562
74,Other,0.13149016,0.63058805,2,0.09100103378295898,10.988886152491839,0.00800013542175293,0.031999826431274414,0.0,0.031000852584838867
75,Other,0.1398619,0.60744697,2,0.08999991416931152,11.11112170750251,0.0070002079010009766,0.03099966049194336,0.0019998550415039062,0.028000831604003906
76,Other,0.1347179,0.6218658,2,0.07999944686889648,12.500086427332494,0.00800013542175293,0.031000375747680664,0.0,0.0299990177154541
77,Other,0.140579,0.60701156,2,0.07699942588806152,12.987109818893419,0.00800013542175293,0.03199911117553711,0.0009999275207519531,0.026999711990356445
78,Other,0.08294743,0.71014386,2,0.07800030708312988,12.820462346824307,0.007999420166015625,0.031000137329101562,0.0,0.03000020980834961
79,Other,0.08144964,0.7116262,2,0.09399986267089844,10.638313414361951,0.0069997310638427734,0.029999732971191406,0.0010004043579101562,0.03099989891052246
80,Other,0.095096394,0.6888398,2,0.09100008010864258,10.989001315231004,0.0070002079010009766,0.03099989891052246,0.0,0.029000043869018555
81,Other,0.09252584,0.6908394,2,0.07800173759460449,12.82022722618389,0.0070002079010009766,0.03099989891052246,0.0009999275207519531,0.027001142501831055
82,Other,0.084720485,0.7017896,2,0.07699918746948242,12.987150031892693,0.006999969482421875,0.03099989891052246,0.0009999275207519531,0.02700018882751465
83,Other,0.08381613,0.6997798,2,0.07699871063232422,12.987230458638328,0.0070002079010009766,0.03099966049194336,0.0010004043579101562,0.02899956703186035
84,Other,0.07744538,0.708356,2,0.07600021362304688,13.157857752346533,0.0069997310638427734,0.03099989891052246,0.0,0.027999401092529297
85,Other,0.075663276,0.709484,2,0.07900023460388184,12.658190257461122,0.0069997310638427734,0.03200101852416992,0.0,0.02899956703186035
86,Other,0.07600589,0.70897555,2,0.07700061798095703,12.98690875763243,0.006999015808105469,0.029999971389770508,0.0,0.03200054168701172
87,Other,0.07463851,0.7074613,2,0.09299921989440918,10.752778368844327,0.006999969482421875,0.03299903869628906,0.0,0.029999971389770508
88,Other,0.075799145,0.70682186,2,0.09100079536437988,10.98891494295034,0.007999897003173828,0.031000137329101562,0.0,0.02900075912475586
89,Other,0.07516263,0.70539397,2,0.08299922943115234,12.0483046270869,0.00800013542175293,0.031999826431274414,0.0009999275207519531,0.031000375747680664
90,Other,0.075780846,0.70364934,2,0.09299993515014648,10.752695670007947,0.00699925422668457,0.031000375747680664,0.0009999275207519531,0.03399991989135742
91,Other,0.07539685,0.7035511,2,0.08700060844421387,11.494172487784558,0.007999658584594727,0.029999732971191406,0.0009999275207519531,0.029000282287597656
92,Other,0.07695641,0.703278,2,0.07500004768371582,13.333324856233688,0.008000373840332031,0.03199958801269531,0.0,0.02700042724609375
93,Other,0.075778894,0.703278,2,0.07699990272521973,12.987029393641956,0.00599980354309082,0.03000020980834961,0.002000093460083008,0.026999950408935547
94,Other,0.07577178,0.7037731,2,0.07899999618530273,12.658228459333031,0.0060002803802490234,0.03000044822692871,0.0010001659393310547,0.027999162673950195
95,Other,0.07416365,0.70588326,2,0.08999967575073242,11.111151142029108,0.0060002803802490234,0.029997587203979492,0.0010020732879638672,0.028999805450439453
96,Other,0.076001376,0.7072856,2,0.07700014114379883,12.986989181389761,0.00800013542175293,0.03000020980834961,0.0010001659393310547,0.027999162673950195
97,Other,0.07636287,0.7054799,2,0.07700014114379883,12.986989181389761,0.0069997310638427734,0.031999826431274414,0.0,0.0279998779296875
98,Other,0.07829894,0.70280886,2,0.07699966430664062,12.987069606143175,0.006000518798828125,0.03099966049194336,0.0009996891021728516,0.028999805450439453
99,Other,0.102713786,0.6598296,2,0.07900023460388184,12.658190257461122,0.007999897003173828,0.02899932861328125,0.0,0.028999805450439453
100,Other,0.07463237,0.70934755,2,0.07500004768371582,13.333324856233688,0.0070002079010009766,0.028998851776123047,0.0009999275207519531,0.0280001163482666
101,Other,0.08946886,0.6850888,2,0.08100080490112305,12.345556333923978,0.007000446319580078,0.031000614166259766,0.0,0.03199934959411621
102,Other,0.09499133,0.6786026,2,0.08899927139282227,11.236047041174421,0.0070002079010009766,0.03099989891052246,0.0,0.03000020980834961
103,Other,0.2021109,0.49339378,2,0.08099985122680664,12.345701687771165,0.006999969482421875,0.030999422073364258,0.0009999275207519531,0.03199958801269531
104,Other,0.1030115,0.66239214,2,0.09500002861022949,10.526312619366108,0.0069997310638427734,0.033000946044921875,0.0,0.032999515533447266
105,Other,0.14807992,0.58365726,2,0.09000015258789062,11.111092273131861,0.0069997310638427734,0.031002521514892578,0.0,0.02999711036682129
106,Other,0.09822062,0.6715162,2,0.09600019454956055,10.416645556731089,0.007999897003173828,0.03300023078918457,0.0,0.03200030326843262
107,Other,0.1654403,0.5587329,2,0.08899974822998047,11.235986841400297,0.00800013542175293,0.03399944305419922,0.0,0.03000044822692871
108,Other,0.17845961,0.53985864,2,0.09200024604797363,10.869536147528876,0.00599980354309082,0.03199958801269531,0.0020008087158203125,0.029999732971191406
109,Other,0.22288351,0.47908962,2,0.08899974822998047,11.235986841400297,0.0070002079010009766,0.03099989891052246,0.0009999275207519531,0.028999805450439453
110,Other,0.2383065,0.46038446,2,0.07799959182739258,12.820579910378598,0.0069997310638427734,0.03099989891052246,0.0020003318786621094,0.02899932861328125
111,Other,0.26232108,0.43123716,2,0.0950005054473877,10.526259784520944,0.007999897003173828,0.03300046920776367,0.0,0.02899956703186035
112,Other,0.27129337,0.42400464,2,0.08999991416931152,11.11112170750251,0.007999897003173828,0.03200101852416992,0.0,0.02699899673461914
113,clapping,0.35964403,0.3221893,2,0.07500004768371582,13.333324856233688,0.0070002079010009766,0.03099966049194336,0.0010001659393310547,0.02700042724609375
114,clapping,0.42730215,0.2580405,2,0.09999966621398926,10.000033378712487,0.007997512817382812,0.03399944305419922,0.0,0.031998395919799805
115,Other,0.1553705,0.5868793,2,0.08500051498413086,11.76463460470439,0.008000850677490234,0.03199911117553711,0.0010001659393310547,0.029000282287597656
116,Other,0.17115264,0.55820036,2,0.0950169563293457,10.524437307103605,0.007999181747436523,0.03200054168701172,0.0,0.02901625633239746
117,Other,0.13158567,0.626325,2,0.09001946449279785,11.108708606903638,0.008000373840332031,0.031018972396850586,0.0,0.026999950408935547
118,Other,0.12453144,0.63488454,2,0.0789947509765625,12.65906895885648,0.007001399993896484,0.03099989891052246,0.0009996891021728516,0.03199505805969238
119,Other,0.11533254,0.64797056,2,0.09900164604187012,10.10084215748369,0.008001089096069336,0.031998634338378906,0.0,0.03500175476074219
120,Other,0.12082869,0.6383418,2,0.08800005912780762,11.363628728335758,0.007999420166015625,0.031999826431274414,0.0,0.029000043869018555
121,Other,0.090350024,0.69637036,2,0.09100103378295898,10.988886152491839,0.0070018768310546875,0.03099679946899414,0.0,0.03099966049194336
122,Other,0.092192546,0.69192946,2,0.09101414680480957,10.987302909564338,0.0069997310638427734,0.03201436996459961,0.0,0.02599787712097168
123,Other,0.07932672,0.7126384,2,0.08499979972839355,11.76473360167174,0.007999897003173828,0.03199911117553711,0.0,0.034999847412109375
124,Other,0.07400717,0.71828717,2,0.08800125122070312,11.363474793012267,0.0069997310638427734,0.03099989891052246,0.002000093460083008,0.029001235961914062
125,Other,0.07909153,0.7094501,2,0.08000016212463379,12.499974668077307,0.0070018768310546875,0.031000137329101562,0.0010004043579101562,0.030996084213256836
126,Other,0.0758821,0.7121514,2,0.0930168628692627,10.750738835446672,0.006999015808105469,0.030000925064086914,0.0,0.032001495361328125
127,Other,0.07869806,0.70734227,2,0.09199690818786621,10.869930519381231,0.008000373840332031,0.031000614166259766,0.0009996891021728516,0.026999950408935547
128,Other,0.0751683,0.7122667,2,0.07703757286071777,12.980678944908842,0.008019685745239258,0.031998634338378906,0.0,0.027015209197998047
129,Other,0.07442111,0.7137301,2,0.07900428771972656,12.65754086091596,0.007999181747436523,0.03200411796569824,0.0010004043579101562,0.02700018882751465
130,Other,0.07516912,0.71150845,2,0.07600045204162598,13.15781647525324,0.007999658584594727,0.030004501342773438,0.00099945068359375,0.02700018882751465
131,Other,0.07401792,0.7118573,2,0.07901358604431152,12.656051320581641,0.006999969482421875,0.031021595001220703,0.0010001659393310547,0.029996395111083984
132,Other,0.075274214,0.7097714,2,0.0758676528930664,13.180847988133698,0.007861614227294922,0.03100419044494629,0.0010001659393310547,0.02700018882751465
133,Other,0.075220704,0.71185297,2,0.07499551773071289,13.334130228831933,0.007001638412475586,0.03000044822692871,0.0,0.027994871139526367
134,Other,0.07427908,0.71239066,2,0.08699917793273926,11.49436148434781,0.006999969482421875,0.030999183654785156,0.0,0.03399968147277832
135,Other,0.07440223,0.71299314,2,0.08600020408630371,11.627879382663684,0.007999658584594727,0.029000282287597656,0.0,0.0279998779296875
136,Other,0.07559577,0.71155035,2,0.07600045204162598,13.15781647525324,0.006998538970947266,0.029999971389770508,0.0,0.026000261306762695
137,Other,0.07452168,0.7140596,2,0.09000039100646973,11.11106283891716,0.0069997310638427734,0.03099966049194336,0.0009999275207519531,0.0370028018951416
138,Other,0.07403256,0.71482515,2,0.08999919891357422,11.111210011550158,0.009000062942504883,0.03199958801269531,0.0,0.032000064849853516
139,Other,0.074858144,0.71420467,2,0.09200000762939453,10.869564315997886,0.00800013542175293,0.028999805450439453,0.0,0.031999826431274414
140,Other,0.07761051,0.71099377,2,0.08700132369995117,11.494077991833603,0.0070002079010009766,0.029001235961914062,0.0009992122650146484,0.028000593185424805
141,Other,0.07754852,0.7134088,2,0.07801508903503418,12.81803318266971,0.007000446319580078,0.029999494552612305,0.0009999275207519531,0.026000022888183594
142,Other,0.08008107,0.70929545,2,0.07699847221374512,12.987270672384698,0.006999969482421875,0.028998851776123047,0.0,0.0279998779296875
143,Other,0.086527884,0.70237476,2,0.07500004768371582,13.333324856233688,0.006999492645263672,0.029999971389770508,0.0,0.0279996395111084
144,Other,0.082717784,0.70790786,2,0.08300042152404785,12.0481315834073,0.006999969482421875,0.029999732971191406,0.0009999275207519531,0.031000375747680664
145,Other,0.12243155,0.6408714,2,0.07300019264221191,13.698593987295263,0.0070002079010009766,0.029999732971191406,0.0,0.0260009765625
146,Other,0.14336228,0.60544187,2,0.07600116729736328,13.157692645527211,0.0070018768310546875,0.029999732971191406,0.0,0.026999950408935547
147,Other,0.16142206,0.5807196,2,0.07799720764160156,12.820971804465312,0.00699925422668457,0.029999494552612305,0.0,0.026999711990356445
148,Other,0.13746172,0.6209994,2,0.08500027656555176,11.764667603508387,0.006999492645263672,0.03099966049194336,0.0,0.03300023078918457
149,Other,0.14136688,0.61583877,2,0.08599972724914551,11.627943855018865,0.007000446319580078,0.029999971389770508,0.0,0.026999235153198242
150,Other,0.133495,0.6291803,2,0.07600021362304688,13.157857752346533,0.007000923156738281,0.0299990177154541,0.0009999275207519531,0.02700018882751465
151,Other,0.12386469,0.6416148,2,0.08099985122680664,12.345701687771165,0.006999969482421875,0.029999732971191406,0.0010001659393310547,0.026000261306762695
152,Other,0.092272915,0.69255334,2,0.08101606369018555,12.343231137766843,0.006997823715209961,0.03200078010559082,0.0,0.030014753341674805
153,Other,0.09935698,0.6804108,2,0.08901596069335938,11.233940432826227,0.00699925422668457,0.031015872955322266,0.0009999275207519531,0.026999711990356445
154,Other,0.1535807,0.5836114,2,0.0820014476776123,12.194906654959164,0.007999897003173828,0.030998945236206055,0.0,0.02900218963623047
155,Other,0.10757998,0.6641666,2,0.08899807929992676,11.236197543431961,0.0069997310638427734,0.030000925064086914,0.0,0.02899956703186035
156,Other,0.10291284,0.6691384,2,0.07801556587219238,12.817954837861873,0.007000446319580078,0.0300142765045166,0.0,0.029001951217651367
157,Other,0.10540097,0.66899353,2,0.07599949836730957,13.157981585180305,0.006998777389526367,0.03099966049194336,0.0,0.028002023696899414
158,Other,0.07983974,0.7100464,2,0.07801961898803711,12.817288945660344,0.0069997310638427734,0.031000375747680664,0.0010001659393310547,0.027019500732421875
159,Other,0.07383972,0.7158897,2,0.08499550819396973,11.765327618465232,0.007998943328857422,0.030998945236206055,0.0,0.03399968147277832
160,Other,0.074895464,0.71069354,2,0.0839998722076416,11.904780015951362,0.0070002079010009766,0.029999971389770508,0.0,0.026999950408935547
161,Other,0.07510519,0.7071978,2,0.07600045204162598,13.15781647525324,0.0070002079010009766,0.029999732971191406,0.0010001659393310547,0.026000499725341797
162,Other,0.07459354,0.70654887,2,0.08001542091369629,12.497590946607511,0.007000923156738281,0.030998706817626953,0.0,0.0280148983001709
163,Other,0.07340889,0.7058696,2,0.07799983024597168,12.820540722287602,0.0069997310638427734,0.029999732971191406,0.0,0.02700066566467285
164,Other,0.07400291,0.7041502,2,0.07800006866455078,12.820501534436172,0.0069997310638427734,0.029999971389770508,0.0010001659393310547,0.025999784469604492
165,Other,0.10641451,0.76536316,2,0.08100032806396484,12.345629010419733,0.006999969482421875,0.032999277114868164,0.0010001659393310547,0.026999711990356445
166,Other,0.104444645,0.7704767,2,0.07700037956237793,12.986948969386587,0.006998777389526367,0.032000064849853516,0.0010001659393310547,0.029000282287597656
167,Other,0.10487973,0.77145237,2,0.07600045204162598,13.15781647525324,0.0069997310638427734,0.029999971389770508,0.00099945068359375,0.028000831604003906
168,Other,0.10564543,0.77311015,2,0.08001327514648438,12.49792610250298,0.006999969482421875,0.030013322830200195,0.0009999275207519531,0.03099966049194336
169,Other,0.10605466,0.773995,2,0.0740213394165039,13.509617738382055,0.0070002079010009766,0.031020164489746094,0.0,0.02700018882751465
170,Other,0.104396336,0.7772918,2,0.07699894905090332,12.987190245140994,0.007000923156738281,0.03000020980834961,0.0,0.0279998779296875
171,Other,0.10595368,0.77674764,2,0.08453965187072754,11.828768842449625,0.007001638412475586,0.031998634338378906,0.0010001659393310547,0.030539989471435547
172,Other,0.105941854,0.77957124,2,0.09399867057800293,10.63844832965132,0.007999897003173828,0.031000137329101562,0.0,0.031000375747680664
173,Other,0.07577971,0.68097025,2,0.08800029754638672,11.363597940937415,0.007999897003173828,0.03200078010559082,0.0,0.028998613357543945
174,Other,0.07716103,0.6826582,2,0.09204936027526855,10.863736554057029,0.006999969482421875,0.03099989891052246,0.0,0.03204941749572754
175,Other,0.12765908,0.7629314,2,0.08952856063842773,11.169619983489122,0.00699925422668457,0.030528783798217773,0.0010004043579101562,0.026999235153198242
176,Other,0.07689565,0.68082196,2,0.08100008964538574,12.345665348988488,0.006997823715209961,0.031000375747680664,0.0009996891021728516,0.029999494552612305
177,Other,0.075745605,0.68117416,2,0.07799887657165527,12.820697476089023,0.007999420166015625,0.029998779296875,0.0,0.03099966049194336
178,Other,0.077017814,0.67781866,2,0.08800029754638672,11.363597940937415,0.0069997310638427734,0.029000282287597656,0.0009999275207519531,0.0279998779296875
179,Other,0.07597768,0.6808154,2,0.07800054550170898,12.820423159452007,0.0069997310638427734,0.028999805450439453,0.0010001659393310547,0.028000593185424805
180,Other,0.075507194,0.67818063,2,0.07401514053344727,13.510749189864773,0.0070002079010009766,0.02599954605102539,0.0,0.02801513671875
181,Other,0.075340986,0.6819671,2,0.08701229095458984,11.492629248457348,0.007998943328857422,0.030013322830200195,0.0,0.029000043869018555
182,Other,0.07597161,0.67632467,2,0.09100079536437988,10.98891494295034,0.006999969482421875,0.031002044677734375,0.000997781753540039,0.028001070022583008
183,Other,0.075252585,0.6742697,2,0.07901620864868164,12.655631257203893,0.0070002079010009766,0.03200078010559082,0.0,0.03101515769958496
184,Other,0.07544248,0.67120504,2,0.09299993515014648,10.752695670007947,0.007999897003173828,0.029999494552612305,0.0010008811950683594,0.030998945236206055
185,Other,0.07385761,0.6659317,2,0.08999967575073242,11.111151142029108,0.006999492645263672,0.030000925064086914,0.0,0.028999805450439453
186,Other,0.07465287,0.6620342,2,0.07600021362304688,13.157857752346533,0.006999969482421875,0.029000043869018555,0.0010004043579101562,0.028999805450439453
187,Other,0.074164845,0.6595367,2,0.07601404190063477,13.15546410894971,0.0070002079010009766,0.031015396118164062,0.0,0.02699899673461914
188,Other,0.07506049,0.6562565,2,0.07600164413452148,13.157610093671378,0.007001161575317383,0.029000043869018555,0.0,0.0280001163482666
189,Other,0.07431978,0.65318424,2,0.08099889755249023,12.34584704504112,0.00700068473815918,0.03099966049194336,0.0,0.027998924255371094
190,Other,0.10995927,0.79306436,2,0.0794820785522461,12.581452551504025,0.006999492645263672,0.029000043869018555,0.0019998550415039062,0.031481027603149414
191,Other,0.072060294,0.65339637,2,0.07699918746948242,12.987150031892693,0.0069980621337890625,0.030000925064086914,0.0009999275207519531,0.02799844741821289
192,Other,0.07391488,0.65315634,2,0.07801604270935059,12.81787649401173,0.007999658584594727,0.029000282287597656,0.0010001659393310547,0.029015779495239258
193,Other,0.072710775,0.650354,2,0.07906961441040039,12.647083300667587,0.007000446319580078,0.03105330467224121,0.0,0.029015302658081055
194,Other,0.07202171,0.65240246,2,0.09200024604797363,10.869536147528876,0.006999492645263672,0.03299999237060547,0.0010001659393310547,0.02900099754333496
195,Other,0.070214964,0.6499409,2,0.09000086784362793,11.111003970955599,0.007001399993896484,0.03099846839904785,0.0009999275207519531,0.029001712799072266
196,Other,0.06941624,0.6481948,2,0.07708358764648438,12.972930172712426,0.00699925422668457,0.031068086624145508,0.0010004043579101562,0.030015945434570312
197,Other,0.06883946,0.6450788,2,0.0775289535522461,12.898407036103082,0.007526874542236328,0.03199958801269531,0.0009999275207519531,0.028002500534057617
198,Other,0.06840773,0.64491755,2,0.07899785041809082,12.65857228655675,0.006999015808105469,0.031000137329101562,0.0,0.03000044822692871
199,Other,0.11101514,0.79045755,2,0.07701539993286133,12.984416115111477,0.008001089096069336,0.031015396118164062,0.0,0.028998613357543945
200,Other,0.11582533,0.78540844,2,0.0800175666809082,12.497255808687257,0.008001327514648438,0.032015323638916016,0.0,0.029999256134033203
201,Other,0.11817825,0.7825878,2,0.09099960327148438,10.989058897505764,0.007002115249633789,0.029998302459716797,0.0,0.030998945236206055
202,Other,0.13056716,0.7709819,2,0.07700085639953613,12.986868546127289,0.007998466491699219,0.031999826431274414,0.0,0.02700209617614746
203,Other,0.17080197,0.7289382,2,0.07799863815307617,12.820736665138316,0.008000373840332031,0.031998634338378906,0.0,0.0279998779296875
204,Other,0.06737713,0.63923943,2,0.07800126075744629,12.82030559877247,0.006999015808105469,0.032000064849853516,0.0010001659393310547,0.028000593185424805
205,Other,0.066346675,0.6410325,2,0.07301473617553711,13.695865415385017,0.00599980354309082,0.026000022888183594,0.0020003318786621094,0.028014421463012695
206,Other,0.06689316,0.6388982,2,0.08400297164916992,11.904340767567138,0.008001089096069336,0.0279996395111084,0.0,0.03200221061706543
207,Other,0.065744504,0.6351056,2,0.09699869155883789,10.309417415114467,0.00900411605834961,0.029996395111083984,0.0,0.03299975395202637
208,Other,0.06767654,0.6339695,2,0.09001421928405762,11.10935592124954,0.008999347686767578,0.026020050048828125,0.0,0.030997276306152344
209,Other,0.0664965,0.6311464,2,0.08493638038635254,11.773517960752171,0.006936550140380859,0.026000022888183594,0.0,0.0279996395111084
210,Other,0.06566848,0.6340679,2,0.07699799537658691,12.987351100624549,0.00700068473815918,0.026000022888183594,0.0009999275207519531,0.02799844741821289
211,Other,0.06462773,0.63741475,2,0.07701754570007324,12.984054359434737,0.006998777389526367,0.02700209617614746,0.0,0.027014970779418945
212,Other,0.065432034,0.6367915,2,0.08500027656555176,11.764667603508387,0.006999969482421875,0.03099966049194336,0.0010001659393310547,0.03000020980834961
213,Other,0.3603699,0.51933414,2,0.09900069236755371,10.100939458962188,0.007999658584594727,0.03199934959411621,0.0,0.03500080108642578
214,Other,0.36283478,0.51854134,2,0.09199976921081543,10.869592484612893,0.007999658584594727,0.03299975395202637,0.0010001659393310547,0.03300070762634277
215,clapping,0.59728247,0.2834572,2,0.09200024604797363,10.869536147528876,0.0069997310638427734,0.03199601173400879,0.0010001659393310547,0.03300023078918457
216,clapping,0.5395916,0.33742732,2,0.09800028800964355,10.20405164423187,0.006999969482421875,0.03600120544433594,0.0,0.03400158882141113
217,clapping,0.60676545,0.2706309,2,0.08899927139282227,11.236047041174421,0.007999658584594727,0.034000396728515625,0.0,0.0319981575012207
218,Other,0.066187985,0.64510566,2,0.08799934387207031,11.363721091531742,0.007000446319580078,0.03399920463562012,0.0009999275207519531,0.031999826431274414
219,Other,0.065993294,0.6462848,2,0.08800077438354492,11.363536366641199,0.006999969482421875,0.031999826431274414,0.0009999275207519531,0.028000593185424805
220,Other,0.06636667,0.64798754,2,0.08499932289123535,11.764799600575575,0.0070002079010009766,0.02699875831604004,0.0,0.026999950408935547
221,Other,0.06795517,0.64767766,2,0.08400082588195801,11.904644859149933,0.007999897003173828,0.03099966049194336,0.0010001659393310547,0.02700066566467285
222,Other,0.068803705,0.6486476,2,0.08999919891357422,11.111210011550158,0.008000612258911133,0.030998945236206055,0.0,0.027999401092529297
223,clapping,0.56899786,0.30930918,2,0.07900023460388184,12.658190257461122,0.0069997310638427734,0.029999256134033203,0.0010001659393310547,0.029000043869018555
224,Other,0.066068575,0.65701854,2,0.07700395584106445,12.986345819219885,0.006999969482421875,0.031000137329101562,0.0009999275207519531,0.02900409698486328
225,Other,0.06814853,0.65686285,2,0.076995849609375,12.987713040031709,0.00800180435180664,0.03099513053894043,0.0009996891021728516,0.026999950408935547
226,Other,0.06734576,0.6627993,2,0.07900071144104004,12.658113854409045,0.0069997310638427734,0.031999826431274414,0.0009999275207519531,0.025999784469604492
227,Other,0.067445636,0.66370237,2,0.07400083541870117,13.51336095521003,0.00699925422668457,0.03000020980834961,0.002000570297241211,0.0280001163482666
228,Other,0.06727788,0.665715,2,0.08000016212463379,12.499974668077307,0.0070002079010009766,0.031998395919799805,0.0,0.027001619338989258
229,Other,0.06796343,0.66452986,2,0.08101963996887207,12.342686296609097,0.0070192813873291016,0.03099989891052246,0.0,0.030004501342773438
230,Other,0.06765793,0.6700715,2,0.08699703216552734,11.494644990846608,0.006999492645263672,0.03000020980834961,0.0,0.02700185775756836
231,Other,0.067744955,0.6725045,2,0.07899832725524902,12.65849587889287,0.0069997310638427734,0.031000137329101562,0.0,0.029000520706176758
232,Other,0.06926668,0.67032796,2,0.07999944686889648,12.500086427332494,0.0070002079010009766,0.029999971389770508,0.0009999275207519531,0.031000137329101562
233,Other,0.068742126,0.6738408,2,0.09100008010864258,10.989001315231004,0.00800013542175293,0.03200054168701172,0.0009996891021728516,0.026999711990356445
234,Other,0.06883365,0.6781988,2,0.07800054550170898,12.820423159452007,0.007999897003173828,0.032000064849853516,0.0,0.026999950408935547
235,Other,0.06833131,0.68061244,2,0.09701681137084961,10.307491927120452,0.006999969482421875,0.03299832344055176,0.0010001659393310547,0.032998085021972656
236,Other,0.06953868,0.6791327,2,0.0890038013458252,11.235475169363717,0.006996870040893555,0.031000137329101562,0.0009999275207519531,0.030004262924194336
237,Other,0.069275774,0.6808405,2,0.09299564361572266,10.753191882108027,0.006998777389526367,0.03200101852416992,0.0,0.03099966049194336
238,clapping,0.5248289,0.3267351,2,0.09100008010864258,10.989001315231004,0.006999492645263672,0.03099966049194336,0.0,0.02700066566467285
239,Other,0.068586595,0.68379194,2,0.09200096130371094,10.869451642997824,0.00700068473815918,0.03300023078918457,0.0,0.027000904083251953
240,Other,0.07108293,0.6827857,2,0.08101916313171387,12.342758939317696,0.007004261016845703,0.03199458122253418,0.0,0.03202223777770996
241,Other,0.06930003,0.6871472,2,0.08900070190429688,11.235866443787236,0.007998228073120117,0.031000137329101562,0.0,0.028001070022583008
242,Other,0.071278065,0.6857543,2,0.07699942588806152,12.987109818893419,0.007997751235961914,0.03200125694274902,0.0,0.02699875831604004
243,Other,0.070930056,0.69056547,2,0.07799983024597168,12.820540722287602,0.006999015808105469,0.031000852584838867,0.0009999275207519531,0.02899909019470215
244,Other,0.07261803,0.68531436,2,0.0800008773803711,12.499862910820509,0.007999897003173828,0.03400158882141113,0.0,0.02899909019470215
245,Other,0.071350545,0.6876772,2,0.09099936485290527,10.989087688869443,0.006997108459472656,0.03300046920776367,0.0,0.029999494552612305
246,Other,0.07276174,0.68565625,2,0.09399962425231934,10.638340397146067,0.0070018768310546875,0.03399848937988281,0.0,0.026999473571777344
247,Other,0.07229315,0.68713474,2,0.09100008010864258,10.989001315231004,0.00699925422668457,0.029000043869018555,0.0009999275207519531,0.02899956703186035
248,Other,0.072226666,0.68689054,2,0.08600139617919922,11.62771820490358,0.0069997310638427734,0.03099989891052246,0.002000093460083008,0.03300046920776367
249,Other,0.07039393,0.68985116,2,0.08803009986877441,11.359750829440044,0.006999969482421875,0.03503131866455078,0.0,0.026999711990356445
250,Other,0.072066866,0.6864324,2,0.09500861167907715,10.525361673295775,0.006999492645263672,0.033998727798461914,0.0010001659393310547,0.02899932861328125
251,Other,0.07537057,0.6778053,2,0.09100008010864258,10.989001315231004,0.0070002079010009766,0.03300070762634277,0.0019998550415039062,0.02899909019470215
252,Other,0.08044382,0.66734916,2,0.08799982070922852,11.363659515900926,0.0070002079010009766,0.02899956703186035,0.002000570297241211,0.026999711990356445
253,Other,0.097501636,0.62658036,2,0.08300042152404785,12.0481315834073,0.006999969482421875,0.035002946853637695,0.0009999275207519531,0.027997255325317383
254,Other,0.114308015,0.5877696,2,0.08900022506713867,11.23592664227124,0.006999969482421875,0.031000614166259766,0.0010004043579101562,0.02899932861328125
255,Other,0.12688264,0.56151706,2,0.08201146125793457,12.19341765969632,0.007002592086791992,0.033994197845458984,0.0009999275207519531,0.030000686645507812
256,Other,0.13262132,0.54798114,2,0.09600019454956055,10.416645556731089,0.006999492645263672,0.034000396728515625,0.0,0.03199934959411621
257,Other,0.13176258,0.55274445,2,0.09600067138671875,10.416593817054757,0.008000373840332031,0.029998779296875,0.0009996891021728516,0.028003454208374023
258,Other,0.12671907,0.5633986,2,0.08399844169616699,11.90498275690788,0.006999969482421875,0.029998302459716797,0.0020003318786621094,0.02700042724609375
259,Other,0.13204192,0.5597918,2,0.07500028610229492,13.33328247089715,0.008000850677490234,0.0299990177154541,0.0009999275207519531,0.02700042724609375
260,Other,0.13371056,0.5523831,2,0.08300018310546875,12.048166191745565,0.006998538970947266,0.033997297286987305,0.0,0.029000282287597656
261,Other,0.15147303,0.52291286,2,0.09199953079223633,10.869620653373898,0.0069997310638427734,0.03400301933288574,0.0009975433349609375,0.025999069213867188
262,Other,0.15518865,0.51918095,2,0.0930016040802002,10.752502711003212,0.0069997310638427734,0.03400063514709473,0.0010001659393310547,0.02700042724609375
263,Other,0.15884702,0.5143294,2,0.07899975776672363,12.658266661435526,0.0070002079010009766,0.03399848937988281,0.0010001659393310547,0.026001453399658203
264,Other,0.16198798,0.50714344,2,0.10101890563964844,9.899137133470536,0.008000373840332031,0.036017656326293945,0.0010025501251220703,0.03299760818481445
265,Other,0.16455306,0.50467736,2,0.08499932289123535,11.764799600575575,0.007999420166015625,0.033000946044921875,0.0010001659393310547,0.027999162673950195
266,Other,0.17463313,0.48194015,2,0.09199953079223633,10.869620653373898,0.006999015808105469,0.03200030326843262,0.0019998550415039062,0.027001142501831055
267,Other,0.17537992,0.4907424,2,0.09800052642822266,10.20402681951324,0.007002830505371094,0.030999183654785156,0.0009999275207519531,0.0359952449798584
268,Other,0.17070064,0.49966395,2,0.0910024642944336,10.988713412908837,0.00800013542175293,0.03399991989135742,0.0,0.03300333023071289
269,Other,0.16746521,0.5104312,2,0.08599734306335449,11.628266227519344,0.007999658584594727,0.03300023078918457,0.0009999275207519531,0.0279998779296875
270,Other,0.16116418,0.5211576,2,0.0910027027130127,10.988684623506325,0.006996870040893555,0.032000064849853516,0.0010006427764892578,0.029001235961914062
271,Other,0.1577792,0.5334869,2,0.0969991683959961,10.309366735161388,0.008000373840332031,0.034000396728515625,0.0,0.031001567840576172
272,Other,0.15359057,0.5403,2,0.08999848365783691,11.111298317001385,0.006998538970947266,0.03299999237060547,0.0010008811950683594,0.0299990177154541
273,Other,0.15048982,0.55186814,2,0.09299969673156738,10.7527232361454,0.006998300552368164,0.031998395919799805,0.0019998550415039062,0.03300046920776367
274,Other,0.16106349,0.5355597,2,0.09100079536437988,10.98891494295034,0.0069997310638427734,0.03200125694274902,0.0,0.03099989891052246
275,Other,0.16008212,0.5395962,2,0.08901762962341309,11.233729815436286,0.008017301559448242,0.03299880027770996,0.0009999275207519531,0.02700185775756836
276,Other,0.15548512,0.5528291,2,0.09499979019165039,10.526339036987586,0.0070002079010009766,0.03400015830993652,0.0,0.029999732971191406
277,Other,0.1553313,0.55185467,2,0.09102916717529297,10.985489937245289,0.00801539421081543,0.031999826431274414,0.0010001659393310547,0.029013633728027344
278,Other,0.15893675,0.5526889,2,0.09300065040588379,10.75261297244362,0.006999492645263672,0.03200078010559082,0.0009996891021728516,0.02899932861328125
279,Other,0.16429299,0.5401641,2,0.09799957275390625,10.204126119112495,0.008000373840332031,0.03199934959411621,0.0010001659393310547,0.035001277923583984
280,Other,0.16473962,0.538837,2,0.0910024642944336,10.988713412908837,0.00800013542175293,0.03700137138366699,0.0010001659393310547,0.026999711990356445
281,Other,0.16544074,0.5380409,2,0.08499693870544434,11.765129606202473,0.007999181747436523,0.031000614166259766,0.0009999275207519531,0.026998281478881836
282,Other,0.16602276,0.5386927,2,0.07900118827819824,12.658037452279277,0.006999492645263672,0.03199958801269531,0.0009996891021728516,0.02700066566467285
283,Other,0.16294357,0.5477855,2,0.08999967575073242,11.111151142029108,0.006999969482421875,0.03200054168701172,0.0009999275207519531,0.026000022888183594
284,Other,0.16343597,0.547232,2,0.07699918746948242,12.987150031892693,0.006999492645263672,0.03200078010559082,0.0010001659393310547,0.026998281478881836
285,Other,0.1699085,0.5374981,2,0.07601761817932129,13.154845204976775,0.008001089096069336,0.03199887275695801,0.0,0.028017520904541016
286,Other,0.17757703,0.52670836,2,0.08904433250427246,11.230361010926986,0.007044792175292969,0.03099989891052246,0.0,0.026999950408935547
287,Other,0.17878458,0.5231293,2,0.07800030708312988,12.820462346824307,0.007000446319580078,0.029999732971191406,0.0009996891021728516,0.02700018882751465
288,Other,0.18118893,0.5196539,2,0.07600021362304688,13.157857752346533,0.0069997310638427734,0.0299990177154541,0.0,0.025998353958129883
289,Other,0.1822624,0.51841486,2,0.07605385780334473,13.148576928020365,0.007000446319580078,0.030052661895751953,0.0010004043579101562,0.028000354766845703
290,Other,0.18507318,0.51269823,2,0.0839996337890625,11.904813805631244,0.0069997310638427734,0.03099966049194336,0.0,0.03299546241760254
291,Other,0.18633094,0.5120827,2,0.08868885040283203,11.275374474445412,0.008002042770385742,0.031039714813232422,0.0,0.029646635055541992
292,Other,0.18937433,0.5051907,2,0.08801436424255371,11.361781779666757,0.006999969482421875,0.03001713752746582,0.0009999275207519531,0.026999950408935547
293,Other,0.1835085,0.5098643,2,0.08152270317077637,12.26652160816071,0.0070002079010009766,0.03199958801269531,0.0,0.029999256134033203
294,Other,0.18680824,0.504389,2,0.0800023078918457,12.499639402301865,0.007999897003173828,0.03299999237060547,0.0010001659393310547,0.028002023696899414
295,Other,0.18589376,0.5040143,2,0.09203314781188965,10.865650298563528,0.006998777389526367,0.030999422073364258,0.0,0.029036283493041992
296,Other,0.18124737,0.50802714,2,0.07400012016296387,13.513491569983794,0.006999969482421875,0.029999732971191406,0.0010001659393310547,0.026999950408935547
297,Other,0.17370014,0.5167983,2,0.08502650260925293,11.761038844507006,0.006999969482421875,0.03300070762634277,0.0010001659393310547,0.030025720596313477
298,Other,0.17139965,0.5192867,2,0.08805632591247559,11.356367525417305,0.006999969482421875,0.030019521713256836,0.0,0.027046680450439453
299,Other,0.16366678,0.5310024,2,0.07601499557495117,13.155299062196155,0.0069997310638427734,0.03000020980834961,0.0,0.027999401092529297
300,Other,0.15703452,0.5429556,2,0.07599973678588867,13.157940307310064,0.006999969482421875,0.030000925064086914,0.0,0.026000261306762695
301,Other,0.15565245,0.5450558,2,0.07900190353393555,12.657922850813923,0.00700068473815918,0.0299985408782959,0.0009999275207519531,0.028002500534057617
302,Other,0.16256924,0.5318414,2,0.07801246643066406,12.818464096232367,0.006999969482421875,0.03001570701599121,0.0,0.028000831604003906
303,Other,0.16551451,0.5252583,2,0.07800006866455078,12.820501534436172,0.0070002079010009766,0.029999494552612305,0.0,0.02599954605102539
304,Other,0.17036258,0.5132493,2,0.07999992370605469,12.500011920940324,0.00799417495727539,0.03000020980834961,0.0009999275207519531,0.029000043869018555
305,Other,0.16609715,0.5182948,2,0.09503841400146484,10.522061110832372,0.007999420166015625,0.04603075981140137,0.0,0.029000043869018555
306,Other,0.16730703,0.5175596,2,0.09499931335449219,10.526391872628345,0.006999969482421875,0.034000396728515625,0.0009996891021728516,0.03199958801269531
307,Other,0.16596936,0.5188099,2,0.08207178115844727,12.184455922424862,0.0070002079010009766,0.028998613357543945,0.0,0.027051448822021484
308,Other,0.16559018,0.51875156,2,0.08400082588195801,11.904644859149933,0.009000062942504883,0.03199958801269531,0.0,0.02700018882751465
309,Other,0.16335171,0.5231073,2,0.08499956130981445,11.764766601031095,0.007999420166015625,0.03200030326843262,0.0009999275207519531,0.03599953651428223
310,Other,0.15800917,0.53388673,2,0.08205127716064453,12.18750072643165,0.006997585296630859,0.029000520706176758,0.0010001659393310547,0.027048826217651367
311,Other,0.15965876,0.53531003,2,0.08201718330383301,12.192566968503364,0.0070154666900634766,0.03099966049194336,0.0,0.03200221061706543
312,Other,0.16112582,0.5397959,2,0.09799838066101074,10.204250246329387,0.0060002803802490234,0.03199934959411621,0.0010006427764892578,0.03299880027770996
313,Other,0.15780285,0.55248046,2,0.08904767036437988,11.229940052424007,0.007999658584594727,0.03104853630065918,0.0010004043579101562,0.03099989891052246
314,Other,0.1526553,0.5640907,2,0.08999991416931152,11.11112170750251,0.007999658584594727,0.03000044822692871,0.0010001659393310547,0.027999162673950195
315,Other,0.15161534,0.5689294,2,0.09531116485595703,10.491950250647882,0.007000446319580078,0.03131222724914551,0.0019996166229248047,0.03099822998046875
316,Other,0.15019003,0.57619256,2,0.0925290584564209,10.807415710070988,0.0070002079010009766,0.031000375747680664,0.001001119613647461,0.03252720832824707
317,Other,0.14504954,0.58713174,2,0.08699989318847656,11.494266985289281,0.007002592086791992,0.029999256134033203,0.0,0.02999567985534668
318,Other,0.14075795,0.5983682,2,0.07700133323669434,12.986788123864049,0.007000446319580078,0.029999732971191406,0.0009999275207519531,0.029001235961914062
319,Other,0.13614078,0.6050253,2,0.07603645324707031,13.15158660479117,0.0070018768310546875,0.02999734878540039,0.0,0.027039051055908203
320,Other,0.13834295,0.60354006,2,0.07900023460388184,12.658190257461122,0.0069997310638427734,0.03000020980834961,0.0009999275207519531,0.0280001163482666
321,Other,0.13980608,0.60555005,2,0.07900023460388184,12.658190257461122,0.00699925422668457,0.029999732971191406,0.0010001659393310547,0.0280001163482666
322,Other,0.1366834,0.6124237,2,0.07703471183776855,12.981161039531797,0.0070002079010009766,0.029999256134033203,0.0,0.02803492546081543
323,Other,0.13099222,0.62301105,2,0.07800149917602539,12.820266412358404,0.006999969482421875,0.029000043869018555,0.0009999275207519531,0.02700185775756836
324,Other,0.1327803,0.6203812,2,0.07899975776672363,12.658266661435526,0.006999969482421875,0.031000137329101562,0.0,0.0279996395111084
325,Other,0.13515599,0.61632466,2,0.0819997787475586,12.195154856192504,0.0069997310638427734,0.03099966049194336,0.0010001659393310547,0.029000520706176758
326,Other,0.12897755,0.6227851,2,0.09104418754577637,10.98367756313062,0.006000041961669922,0.028999805450439453,0.002000570297241211,0.029000520706176758
327,Other,0.1266777,0.6296186,2,0.09399890899658203,10.638421346319687,0.008001089096069336,0.031000375747680664,0.00099945068359375,0.028998374938964844
328,Other,0.12069137,0.64173603,2,0.07712364196777344,12.9661926548782,0.006999969482421875,0.03099989891052246,0.0,0.028123140335083008
329,Other,0.1158701,0.65272,2,0.07899951934814453,12.658304863768606,0.006999492645263672,0.031000852584838867,0.0009999275207519531,0.030998706817626953
330,Other,0.11220278,0.6557737,2,0.09800243377685547,10.203828226112512,0.00800013542175293,0.03399968147277832,0.0,0.033002614974975586
331,Other,0.10952277,0.6630622,2,0.08303451538085938,12.043184637294988,0.0069997310638427734,0.031000614166259766,0.0,0.027036666870117188
332,Other,0.11208754,0.6577126,2,0.07800030708312988,12.820462346824307,0.0069997310638427734,0.031000614166259766,0.0,0.0280001163482666
333,Other,0.11267188,0.6551783,2,0.07900023460388184,12.658190257461122,0.0069997310638427734,0.030998945236206055,0.0009999275207519531,0.02800130844116211
334,Other,0.11269943,0.65036744,2,0.07704424858093262,12.97955419669686,0.0069997310638427734,0.031000375747680664,0.0,0.028042078018188477
335,Other,0.12028536,0.63933086,2,0.07508444786071777,13.318337265461519,0.006998538970947266,0.03056812286376953,0.0,0.02651691436767578
336,Other,0.122741535,0.6396409,2,0.07899951934814453,12.658304863768606,0.0070002079010009766,0.029999494552612305,0.0009999275207519531,0.0279998779296875
337,Other,0.13837402,0.6189488,2,0.07800149917602539,12.820266412358404,0.0070002079010009766,0.03099966049194336,0.0,0.0260009765625
338,Other,0.118242994,0.64102584,2,0.0790412425994873,12.651622964319218,0.006999969482421875,0.031041622161865234,0.0,0.03000020980834961
339,Other,0.11859797,0.64022565,2,0.07899999618530273,12.658228459333031,0.006999969482421875,0.03099966049194336,0.0010004043579101562,0.029999732971191406
340,Other,0.11921771,0.6394519,2,0.09100008010864258,10.989001315231004,0.0069997310638427734,0.031000137329101562,0.0009999275207519531,0.026999950408935547
341,Other,0.1226481,0.63075435,2,0.07906484603881836,12.64784604157746,0.006998538970947266,0.030062437057495117,0.0009999275207519531,0.030015945434570312
342,Other,0.12082997,0.63454694,2,0.08199787139892578,12.195438527116456,0.008000373840332031,0.03499937057495117,0.0,0.028999805450439453
343,Other,0.11812593,0.6359997,2,0.09199857711791992,10.869733329877938,0.007999897003173828,0.03500008583068848,0.0,0.02599811553955078
344,Other,0.114881314,0.642239,2,0.08703756332397461,11.489292229813017,0.006999969482421875,0.03003692626953125,0.0,0.028000354766845703
345,Other,0.11588939,0.63765717,2,0.07400059700012207,13.513404493187405,0.007000923156738281,0.03000020980834961,0.0009996891021728516,0.026000022888183594
346,Other,0.114531055,0.6396356,2,0.08001303672790527,12.497963343156565,0.00699925422668457,0.031999826431274414,0.0,0.028012990951538086
347,Other,0.11498033,0.63664836,2,0.07400012016296387,13.513491569983794,0.006999969482421875,0.030001163482666016,0.00099945068359375,0.026999711990356445
348,Other,0.11293086,0.64104116,2,0.08889102935791016,11.249729103412761,0.007999897003173828,0.03402233123779297,0.0,0.03399825096130371
349,Other,0.1067549,0.65040374,2,0.08100008964538574,12.345665348988488,0.0069980621337890625,0.029999971389770508,0.0019998550415039062,0.026000022888183594
350,Other,0.103352375,0.657043,2,0.08300113677978516,12.048027759585445,0.007999658584594727,0.032000064849853516,0.0009999275207519531,0.028001070022583008
351,Other,0.10033112,0.6571463,2,0.09200048446655273,10.869507979205864,0.006999969482421875,0.031000614166259766,0.0,0.029001235961914062
352,Other,0.0974591,0.66182125,2,0.1009984016418457,9.901146787907974,0.006999015808105469,0.036000967025756836,0.0010001659393310547,0.031000375747680664
353,Other,0.09717813,0.66261625,2,0.0820016860961914,12.194871198464849,0.0070002079010009766,0.030000686645507812,0.0009996891021728516,0.027001619338989258
354,Other,0.09555656,0.6653554,2,0.07701516151428223,12.984456311431003,0.007016897201538086,0.03199887275695801,0.0,0.026999711990356445
355,Other,0.092285536,0.67194974,2,0.07600116729736328,13.157692645527211,0.0069997310638427734,0.030999183654785156,0.0010008811950683594,0.028001070022583008
356,Other,0.09182078,0.6753537,2,0.07805657386779785,12.811220765257657,0.0070002079010009766,0.03199911117553711,0.0,0.028057575225830078
357,Other,0.08838297,0.68585575,2,0.08399081230163574,11.90606415864518,0.006999969482421875,0.03300070762634277,0.0009999275207519531,0.030000686645507812
358,Other,0.08641923,0.6907538,2,0.09700465202331543,10.30878395151241,0.007999420166015625,0.03600120544433594,0.0009992122650146484,0.029004335403442383
359,Other,0.083196014,0.6934031,2,0.10471153259277344,9.550046448933497,0.007999181747436523,0.04471731185913086,0.0009996891021728516,0.03399920463562012
360,Other,0.08440565,0.68983245,2,0.09252047538757324,10.808418307525402,0.007519960403442383,0.03399968147277832,0.002000093460083008,0.02700066566467285
361,Other,0.08437526,0.6907978,2,0.08899998664855957,11.235956741755135,0.006999969482421875,0.0299990177154541,0.0010004043579101562,0.027000904083251953
362,Other,0.08399794,0.69211936,2,0.08405280113220215,11.897283451947706,0.007999897003173828,0.03299999237060547,0.0,0.030052900314331055
363,Other,0.082709156,0.6964928,2,0.08700037002563477,11.494203986780157,0.00700068473815918,0.03199934959411621,0.0,0.025999784469604492
364,Other,0.08289226,0.69656146,2,0.08099865913391113,12.345883384893432,0.0070002079010009766,0.029999971389770508,0.0,0.030998945236206055
365,Other,0.081869684,0.6998491,2,0.09604310989379883,10.411991043457107,0.007999658584594727,0.03604531288146973,0.0,0.026998043060302734
366,Other,0.08225887,0.70019287,2,0.10899925231933594,9.174374857822809,0.009009122848510742,0.0459895133972168,0.0,0.03299975395202637
367,Other,0.081983626,0.70042694,2,0.10000038146972656,9.999961853172863,0.00800013542175293,0.03700089454650879,0.0009999275207519531,0.031000852584838867
368,Other,0.082673565,0.70023537,2,0.08106398582458496,12.335934260176996,0.006999492645263672,0.03501296043395996,0.0009999275207519531,0.026000261306762695
369,Other,0.08385138,0.70097333,2,0.09099984169006348,10.989030106292951,0.0069997310638427734,0.03300070762634277,0.0010001659393310547,0.026998281478881836
370,Other,0.08570257,0.7000482,2,0.07800436019897461,12.819796194074101,0.00700068473815918,0.03400015830993652,0.0,0.029003381729125977
371,Other,0.09081556,0.6904858,2,0.09304404258728027,10.747598365171491,0.00800013542175293,0.03300046920776367,0.00099945068359375,0.02700042724609375
372,Other,0.09351,0.682672,2,0.09299945831298828,10.752750802424194,0.007999658584594727,0.03200125694274902,0.0,0.027998685836791992
373,Other,0.10044102,0.67118835,2,0.09205293655395508,10.86331449528358,0.007999420166015625,0.032000064849853516,0.0,0.030052661895751953
374,Other,0.10831282,0.65291077,2,0.09400057792663574,10.638232466830853,0.008011579513549805,0.032994747161865234,0.000990152359008789,0.029000520706176758
375,Other,0.1126795,0.6441987,2,0.09300374984741211,10.75225463103008,0.007999897003173828,0.03499937057495117,0.0010001659393310547,0.02800440788269043
376,Other,0.1153469,0.6355741,2,0.09009599685668945,11.099272275000661,0.007999897003173828,0.03107476234436035,0.0009999275207519531,0.027025222778320312
377,Other,0.11685475,0.63454014,2,0.0769968032836914,12.987552175582447,0.007000923156738281,0.0319979190826416,0.0,0.028002023696899414
378,Other,0.12161376,0.62875485,2,0.07799744606018066,12.820932613978512,0.0070018768310546875,0.03199625015258789,0.0019998550415039062,0.027998685836791992
379,Other,0.12319263,0.6229978,2,0.09206485748291016,10.86190786952153,0.008000373840332031,0.03205156326293945,0.0,0.02701282501220703
380,Other,0.12747182,0.6103907,2,0.07900071144104004,12.658113854409045,0.0070002079010009766,0.03200101852416992,0.0,0.03000164031982422
381,Other,0.12270717,0.6227367,2,0.09799933433532715,10.204150944314286,0.00800013542175293,0.03299975395202637,0.0,0.030999422073364258
382,Other,0.13305953,0.6031186,2,0.08797359466552734,11.367047166845534,0.00797128677368164,0.03200125694274902,0.0,0.026999711990356445
383,Other,0.13024934,0.6122883,2,0.07999777793884277,12.500347206699749,0.006999492645263672,0.03300046920776367,0.0,0.029999971389770508
384,Other,0.13466369,0.59567475,2,0.09199953079223633,10.869620653373898,0.006999969482421875,0.03199958801269531,0.0009999275207519531,0.03200054168701172
385,Other,0.13323623,0.5999025,2,0.1030418872833252,9.704791190891022,0.007999658584594727,0.03800082206726074,0.0,0.03500056266784668
386,Other,0.14006352,0.58134335,2,0.08099961280822754,12.345738026767764,0.009000062942504883,0.03299975395202637,0.0010001659393310547,0.028000354766845703
387,Other,0.15269111,0.5547801,2,0.09205842018127441,10.862667402187396,0.007000923156738281,0.0319981575012207,0.0,0.03105902671813965
388,Other,0.15376565,0.5478122,2,0.09301257133483887,10.751234866952217,0.008000373840332031,0.03300023078918457,0.0,0.027998685836791992
389,Other,0.1656378,0.52081996,2,0.08700037002563477,11.494203986780157,0.00700068473815918,0.03000187873840332,0.0009982585906982422,0.026999473571777344
390,Other,0.16921623,0.5179382,2,0.08602070808410645,11.625107747569963,0.0069997310638427734,0.030000686645507812,0.0,0.036019325256347656
391,Other,0.17558146,0.50470006,2,0.0965414047241211,10.358249943199217,0.008000373840332031,0.0315251350402832,0.0,0.03700113296508789
392,Other,0.17814988,0.5007975,2,0.09299969673156738,10.7527232361454,0.007000446319580078,0.039999961853027344,0.0,0.02800273895263672
393,Other,0.1820053,0.48900637,2,0.08499956130981445,11.764766601031095,0.00799870491027832,0.03200030326843262,0.0,0.028999805450439453
394,Other,0.19504902,0.47296408,2,0.07500076293945312,13.333197701032502,0.0070002079010009766,0.03099989891052246,0.0,0.029000043869018555
395,Other,0.20071767,0.45971778,2,0.07600045204162598,13.15781647525324,0.00699925422668457,0.03000044822692871,0.0009996891021728516,0.026020050048828125
396,Other,0.21081409,0.44538173,2,0.07899856567382812,12.658457675406828,0.006998538970947266,0.02899932861328125,0.0010001659393310547,0.02700018882751465
397,Other,0.21424766,0.43518153,2,0.0840001106262207,11.904746226463292,0.008000612258911133,0.03199887275695801,0.0,0.03000044822692871
398,Other,0.21564017,0.43246722,2,0.08999967575073242,11.111151142029108,0.007999658584594727,0.030998945236206055,0.0010004043579101562,0.0279998779296875
399,Other,0.20986609,0.4327335,2,0.07600069046020508,13.157775198418923,0.0070002079010009766,0.029999732971191406,0.0009999275207519531,0.02900075912475586
400,Other,0.21151464,0.42980447,2,0.08100056648254395,12.345592672064896,0.006998300552368164,0.03199887275695801,0.0,0.029000043869018555
401,Other,0.20929664,0.43339875,2,0.08799862861633301,11.363813456229188,0.006999969482421875,0.030000925064086914,0.0009999275207519531,0.026998281478881836
402,Other,0.21117964,0.4347176,2,0.07800030708312988,12.820462346824307,0.00700068473815918,0.028998136520385742,0.0010004043579101562,0.02700018882751465
403,Other,0.20999786,0.43795046,2,0.0820004940032959,12.19504848299824,0.007000923156738281,0.032000064849853516,0.0009999275207519531,0.029999494552612305
404,Other,0.21191274,0.43720767,2,0.07500195503234863,13.332985781086588,0.0070018768310546875,0.029999971389770508,0.0009999275207519531,0.026999950408935547
405,Other,0.21248645,0.4391102,2,0.08002662658691406,12.495840980051005,0.0069997310638427734,0.03400015830993652,0.0,0.027028560638427734
406,Other,0.2107284,0.43972448,2,0.10199451446533203,9.804448849451608,0.007999897003173828,0.03600144386291504,0.0009999275207519531,0.03200101852416992
407,Other,0.21059354,0.4413558,2,0.09399986267089844,10.638313414361951,0.007999181747436523,0.03999900817871094,0.0,0.029999732971191406
408,Other,0.21121098,0.44130743,2,0.0820002555847168,12.195083940523473,0.008998870849609375,0.03300118446350098,0.00099945068359375,0.0279996395111084
409,Other,0.2115711,0.44007707,2,0.09802103042602539,10.20189234548683,0.007999181747436523,0.03500008583068848,0.0,0.031000137329101562
410,Other,0.21854931,0.4380921,2,0.08499741554260254,11.765063603596023,0.006997585296630859,0.029999732971191406,0.0,0.029999971389770508
411,Other,0.21801503,0.44193572,2,0.07701516151428223,12.984456311431003,0.006999492645263672,0.031013965606689453,0.0009999275207519531,0.02900099754333496
412,Other,0.21827787,0.4435062,2,0.0800161361694336,12.497479231970251,0.006999969482421875,0.03099989891052246,0.0,0.030000686645507812
413,Other,0.21781747,0.4442473,2,0.07699894905090332,12.987190245140994,0.00700068473815918,0.029999732971191406,0.00099945068359375,0.029000043869018555
414,Other,0.22119384,0.44306323,2,0.08201479911804199,12.192921408741405,0.0070002079010009766,0.03101372718811035,0.0010025501251220703,0.03299760818481445
415,Other,0.21550834,0.44792822,2,0.10097718238830566,9.903227405915533,0.010999679565429688,0.037000179290771484,0.0010004043579101562,0.029999732971191406
416,Other,0.21805312,0.44355565,2,0.07899880409240723,12.658419472151383,0.0070002079010009766,0.030000925064086914,0.0,0.029999732971191406
417,Other,0.21121708,0.4430439,2,0.09799933433532715,10.204150944314286,0.008000373840332031,0.03599977493286133,0.0010013580322265625,0.028998613357543945
418,Other,0.21526623,0.44308737,2,0.08700275421142578,11.493889004592837,0.00800013542175293,0.031002521514892578,0.0010001659393310547,0.0279998779296875
419,Other,0.2131463,0.44265324,2,0.07699871063232422,12.987230458638328,0.007001161575317383,0.03099846839904785,0.0,0.028000354766845703
420,Other,0.21585183,0.4430153,2,0.08099937438964844,12.345774365978288,0.006999015808105469,0.029999732971191406,0.0,0.03400087356567383
421,Other,0.21224125,0.44129738,2,0.0895226001739502,11.17036366299586,0.0075228214263916016,0.031000852584838867,0.0,0.027998685836791992
422,Other,0.21246393,0.44237226,2,0.08600115776062012,11.627750440098138,0.007999897003173828,0.03199958801269531,0.0010001659393310547,0.032000064849853516
423,Other,0.21187775,0.44499776,2,0.08680891990661621,11.51955353292887,0.00800013542175293,0.03177809715270996,0.0009999275207519531,0.027015209197998047
424,Other,0.21189298,0.44498378,2,0.07238245010375977,13.815503600202902,0.007000446319580078,0.02899909019470215,0.0,0.026993751525878906
425,Other,0.20920591,0.4442618,2,0.08499932289123535,11.764799600575575,0.006999969482421875,0.029998064041137695,0.002001047134399414,0.029999732971191406
426,Other,0.21102583,0.43877107,2,0.09098362922668457,10.990988252496638,0.006998777389526367,0.030001163482666016,0.0,0.029982805252075195
427,Other,0.21010444,0.4369073,2,0.0740664005279541,13.5013986486704,0.007002830505371094,0.029522180557250977,0.0005252361297607422,0.027016401290893555
428,Other,0.21256553,0.43953827,2,0.08100128173828125,12.345483658283884,0.006999015808105469,0.030001163482666016,0.002001523971557617,0.0279996395111084
429,Other,0.21233174,0.4432745,2,0.07499885559082031,13.333536786958623,0.006997346878051758,0.03000020980834961,0.0,0.02700066566467285
430,Other,0.21256553,0.44287747,2,0.0816652774810791,12.245106253777053,0.0070002079010009766,0.031048059463500977,0.0009996891021728516,0.030601978302001953
431,Other,0.21182764,0.43870422,2,0.0815281867980957,12.26569655567708,0.007527589797973633,0.031999826431274414,0.0010001659393310547,0.028002500534057617
432,Other,0.21091603,0.43965083,2,0.10100007057189941,9.900983180879315,0.007999420166015625,0.03199887275695801,0.0009999275207519531,0.03800177574157715
433,Other,0.20805976,0.4409568,2,0.07806777954101562,12.809381871487906,0.007001638412475586,0.029015302658081055,0.0019979476928710938,0.028052806854248047
434,Other,0.21176645,0.43840042,2,0.07999849319458008,12.500235442781443,0.007999658584594727,0.03000020980834961,0.0009999275207519531,0.0280001163482666
435,Other,0.21060374,0.431641,2,0.07800054550170898,12.820423159452007,0.007999181747436523,0.03100132942199707,0.0,0.028000354766845703
436,Other,0.20498148,0.4372107,2,0.07605576515197754,13.148247184178105,0.0069997310638427734,0.030998945236206055,0.0009996891021728516,0.029041528701782227
437,Other,0.21158741,0.43397364,2,0.0839996337890625,11.904813805631244,0.006999969482421875,0.031999826431274414,0.0,0.03500008583068848
438,Other,0.20878424,0.43913463,2,0.08500146865844727,11.764502611339553,0.006999969482421875,0.029000282287597656,0.0,0.02900099754333496
439,Other,0.20856583,0.4385682,2,0.07908105850219727,12.645253097772017,0.006999492645263672,0.031004667282104492,0.0,0.028076887130737305
440,Other,0.20969807,0.4379712,2,0.08801126480102539,11.362181900928087,0.008000373840332031,0.03201150894165039,0.0,0.03400111198425293
441,Other,0.2148315,0.43642652,2,0.0879976749420166,11.363936611494788,0.00799870491027832,0.032000064849853516,0.0009999275207519531,0.028999805450439453
442,Other,0.21806699,0.44018865,2,0.0910651683807373,10.981146993755809,0.007999658584594727,0.03199958801269531,0.0,0.02906513214111328
443,Other,0.21743563,0.4412429,2,0.08799982070922852,11.363659515900926,0.006999969482421875,0.029000043869018555,0.0009999275207519531,0.02700018882751465
444,Other,0.214523,0.447328,2,0.0819997787475586,12.195154856192504,0.006999969482421875,0.029999971389770508,0.0,0.0280001163482666
445,Other,0.21987505,0.4423451,2,0.08304905891418457,12.041075637392954,0.008000373840332031,0.03300023078918457,0.0,0.030045509338378906
446,Other,0.2195293,0.44891322,2,0.08500432968139648,11.764106649015242,0.007000446319580078,0.028999805450439453,0.0010004043579101562,0.026000261306762695
447,Other,0.2202655,0.44815493,2,0.0789949893951416,12.659030751911242,0.005999565124511719,0.03000044822692871,0.0010001659393310547,0.02700066566467285
448,Other,0.22158432,0.44844627,2,0.0820000171661377,12.195119398254892,0.00800013542175293,0.031999826431274414,0.0,0.028999805450439453
449,Other,0.22065552,0.4564457,2,0.08701443672180176,11.49234584138205,0.006999969482421875,0.028999805450439453,0.0009999275207519531,0.026000022888183594
450,Other,0.21349253,0.46571398,2,0.07699823379516602,12.987310886380104,0.0069997310638427734,0.02899909019470215,0.0,0.026999235153198242
451,Other,0.20705475,0.47697115,2,0.08004617691040039,12.492789020009651,0.007000446319580078,0.03099989891052246,0.0,0.0280458927154541
452,Other,0.20091306,0.48511204,2,0.0805211067199707,12.419104018002546,0.0070002079010009766,0.03252077102661133,0.0,0.029000520706176758
453,Other,0.20562649,0.48430914,2,0.0729985237121582,13.698907171645253,0.006999969482421875,0.028998613357543945,0.0,0.0280001163482666
454,Other,0.2024042,0.4901443,2,0.07700037956237793,12.986948969386587,0.007999897003173828,0.029000043869018555,0.0,0.026000261306762695
455,Other,0.1793058,0.53119075,2,0.08202099800109863,12.191999906982423,0.00800323486328125,0.030001163482666016,0.0,0.02701592445373535
456,Other,0.15170974,0.58140033,2,0.0840001106262207,11.904746226463292,0.007998943328857422,0.03099966049194336,0.0009999275207519531,0.03500032424926758
457,Other,0.13335146,0.61843264,2,0.08500003814697266,11.764700602497504,0.0070002079010009766,0.03099966049194336,0.0009999275207519531,0.02699732780456543
458,Other,0.11925362,0.6427333,2,0.07500076293945312,13.333197701032502,0.0069997310638427734,0.030999183654785156,0.0010001659393310547,0.026000499725341797
459,Other,0.12532875,0.6284125,2,0.08199906349182129,12.195261231242494,0.008001089096069336,0.029998064041137695,0.0010001659393310547,0.029999732971191406
460,Other,0.12722766,0.6237282,2,0.09300041198730469,10.752640538157058,0.007999897003173828,0.031000375747680664,0.0009996891021728516,0.028000354766845703
461,Other,0.1316568,0.62206507,2,0.07599949836730957,13.157981585180305,0.0069997310638427734,0.029999971389770508,0.0010001659393310547,0.0279996395111084
462,Other,0.1270332,0.63258713,2,0.07600116729736328,13.157692645527211,0.005999565124511719,0.02899932861328125,0.0020008087158203125,0.026999950408935547
463,Other,0.11786881,0.6507255,2,0.08000016212463379,12.499974668077307,0.006999015808105469,0.031000852584838867,0.0009999275207519531,0.0279998779296875
464,Other,0.115622,0.6527279,2,0.08101511001586914,12.343376436866174,0.007016897201538086,0.0299985408782959,0.0,0.029000043869018555
465,Other,0.11781661,0.65018314,2,0.08799982070922852,11.363659515900926,0.006999969482421875,0.029999971389770508,0.0,0.02700018882751465
466,Other,0.11783937,0.6523704,2,0.07700061798095703,12.98690875763243,0.0070002079010009766,0.029999971389770508,0.0009999275207519531,0.02700066566467285
467,Other,0.117790304,0.6503572,2,0.08102130889892578,12.342432053862542,0.007002830505371094,0.030020475387573242,0.0010001659393310547,0.027996063232421875
468,Other,0.117248334,0.65023935,2,0.07801461219787598,12.818111528435258,0.006999969482421875,0.03099966049194336,0.0,0.02899909019470215
469,Other,0.11715606,0.655494,2,0.07699990272521973,12.987029393641956,0.006999969482421875,0.03100109100341797,0.0,0.028998851776123047
470,Other,0.123964176,0.63680995,2,0.07900404930114746,12.657579058868263,0.00699925422668457,0.031001806259155273,0.0,0.030001401901245117
471,Other,0.13128865,0.62273777,2,0.0769953727722168,12.987793473750704,0.006999015808105469,0.029999494552612305,0.0010004043579101562,0.029998779296875
472,Other,0.13483159,0.61693907,2,0.09500002861022949,10.526312619366108,0.005999565124511719,0.03499960899353027,0.0010004043579101562,0.028999805450439453
473,Other,0.14083576,0.60945827,2,0.09000015258789062,11.111092273131861,0.007000446319580078,0.03400063514709473,0.0010001659393310547,0.02699589729309082
474,Other,0.12746352,0.63186234,2,0.09299993515014648,10.752695670007947,0.006999015808105469,0.03200030326843262,0.0010001659393310547,0.031998395919799805
475,Other,0.13208805,0.62121594,2,0.08600020408630371,11.627879382663684,0.007000923156738281,0.0299990177154541,0.0,0.029000043869018555
476,Other,0.13559052,0.6142912,2,0.08100008964538574,12.345665348988488,0.007998466491699219,0.031999826431274414,0.0,0.029000043869018555
477,Other,0.15005139,0.5962413,2,0.07400059700012207,13.513404493187405,0.00699925422668457,0.029999971389770508,0.0010001659393310547,0.027000904083251953
478,Other,0.14781904,0.59813774,2,0.07799935340881348,12.820619098709166,0.0069997310638427734,0.030000686645507812,0.0009996891021728516,0.02699899673461914
479,Other,0.1400116,0.6152574,2,0.07700061798095703,12.98690875763243,0.0070002079010009766,0.03000044822692871,0.0009999275207519531,0.02700018882751465
480,Other,0.14258024,0.60679823,2,0.08100008964538574,12.345665348988488,0.006999969482421875,0.031000137329101562,0.0,0.029999732971191406
481,Other,0.15356593,0.5846527,2,0.07599997520446777,13.157899029698807,0.007002830505371094,0.030995845794677734,0.0010001659393310547,0.027999162673950195
482,Other,0.16603856,0.5551433,2,0.07899951934814453,12.658304863768606,0.0069997310638427734,0.03000020980834961,0.0010001659393310547,0.02899932861328125
483,Other,0.17100991,0.54141027,2,0.07999968528747559,12.500049174025385,0.0069997310638427734,0.03000020980834961,0.0,0.029999256134033203
484,Other,0.17458007,0.54005796,2,0.09200000762939453,10.869564315997886,0.00800013542175293,0.03199934959411621,0.0009999275207519531,0.026999950408935547
485,Other,0.17432415,0.5413136,2,0.09200072288513184,10.869479811028846,0.008000612258911133,0.031000614166259766,0.00099945068359375,0.026999950408935547
486,Other,0.17108186,0.54374677,2,0.09401535987854004,10.636559826946534,0.006999969482421875,0.032000064849853516,0.0010001659393310547,0.03099989891052246
487,Other,0.17000826,0.54712284,2,0.0890047550201416,11.235354782715845,0.008000373840332031,0.033003807067871094,0.0,0.028001070022583008
488,Other,0.16004813,0.5632861,2,0.09162092208862305,10.914537610009212,0.00699925422668457,0.03000044822692871,0.0010001659393310547,0.028012514114379883
489,Other,0.15412363,0.57428604,2,0.07300043106079102,13.698549247842815,0.006999969482421875,0.029999971389770508,0.0,0.02700042724609375
490,Other,0.15795603,0.5626639,2,0.08101725578308105,12.343049518703044,0.00700068473815918,0.029999494552612305,0.001001119613647461,0.03201603889465332
491,Other,0.1701073,0.5366871,2,0.09401154518127441,10.636991425593374,0.007999658584594727,0.032012939453125,0.0,0.027998685836791992
492,Other,0.16837648,0.5402792,2,0.09951949119567871,10.048282883940443,0.007516384124755859,0.03600001335144043,0.0,0.03600311279296875
493,Other,0.16071516,0.5492508,2,0.08199691772460938,12.195580367527333,0.007997512817382812,0.03199911117553711,0.0,0.025999784469604492
494,Other,0.16602764,0.54021525,2,0.07800006866455078,12.820501534436172,0.0070002079010009766,0.03099966049194336,0.0009999275207519531,0.03000020980834961
495,Other,0.16558248,0.54432994,2,0.08299994468688965,12.048200800282656,0.00800013542175293,0.031999826431274414,0.0010001659393310547,0.03099989891052246
496,Other,0.15271834,0.5641643,2,0.08500003814697266,11.764700602497504,0.007000446319580078,0.029999494552612305,0.0009999275207519531,0.029000282287597656
497,Other,0.13818254,0.58992183,2,0.07900023460388184,12.658190257461122,0.006999969482421875,0.031000614166259766,0.0,0.027998685836791992
498,Other,0.15708657,0.5561929,2,0.07500171661376953,13.333028164536843,0.0069997310638427734,0.03000164031982422,0.0010001659393310547,0.0280001163482666
499,Other,0.17094061,0.5327139,2,0.07800149917602539,12.820266412358404,0.007001638412475586,0.030002355575561523,0.0,0.0280001163482666
500,Other,0.17455372,0.52599025,2,0.08406925201416016,11.89495536170068,0.006997346878051758,0.03108072280883789,0.0019943714141845703,0.0319979190826416
501,Other,0.20142129,0.4922159,2,0.08799862861633301,11.363813456229188,0.00599980354309082,0.029999971389770508,0.0,0.0280001163482666
502,Other,0.19419774,0.49099475,2,0.07800078392028809,12.82038397231927,0.006999969482421875,0.031000614166259766,0.0,0.026999950408935547
503,Other,0.26462248,0.42358938,2,0.08299922943115234,12.0483046270869,0.006998777389526367,0.030998945236206055,0.0,0.03200030326843262
504,Other,0.1851544,0.48653856,2,0.08899998664855957,11.235956741755135,0.007999897003173828,0.031000137329101562,0.0010004043579101562,0.025998592376708984
505,Other,0.1805453,0.49715713,2,0.07900285720825195,12.657770052088049,0.0069997310638427734,0.03200173377990723,0.0009999275207519531,0.027001142501831055
506,Other,0.18224725,0.4986627,2,0.07399702072143555,13.514057596515082,0.0070002079010009766,0.0299985408782959,0.0010001659393310547,0.026999711990356445
507,Other,0.1912957,0.48730546,2,0.07900047302246094,12.658152055819793,0.006999969482421875,0.029999732971191406,0.0009999275207519531,0.02700042724609375
508,Other,0.19303665,0.47955894,2,0.07999992370605469,12.500011920940324,0.006999969482421875,0.029999494552612305,0.0020008087158203125,0.029000043869018555
509,Other,0.20488031,0.46964702,2,0.07500219345092773,13.332943397905792,0.007000446319580078,0.030999422073364258,0.0,0.02800130844116211
510,Other,0.2005583,0.47800705,2,0.07800006866455078,12.820501534436172,0.007001638412475586,0.029999971389770508,0.0,0.028000831604003906
511,Other,0.21453191,0.46475807,2,0.08499860763549805,11.764898600319766,0.008001565933227539,0.03399777412414551,0.0010001659393310547,0.02900075912475586
512,Other,0.20166796,0.46708715,2,0.08899950981140137,11.236016941206726,0.0069997310638427734,0.033998966217041016,0.0,0.0260009765625
513,Other,0.21016198,0.45915094,2,0.07999897003173828,12.500160934612863,0.0069980621337890625,0.030999422073364258,0.0009999275207519531,0.031999826431274414
514,Other,0.20691429,0.45983076,2,0.08800268173217773,11.363290076129067,0.007002115249633789,0.030000686645507812,0.0009999275207519531,0.027997255325317383
515,Other,0.21122538,0.4588207,2,0.07800078392028809,12.82038397231927,0.007000923156738281,0.03000044822692871,0.0009996891021728516,0.026999711990356445
516,Other,0.20477328,0.46082473,2,0.08399820327758789,11.905016547738665,0.007999181747436523,0.031000614166259766,0.0009996891021728516,0.031000852584838867
517,Other,0.20957705,0.45689505,2,0.09099888801574707,10.989145272049402,0.007000923156738281,0.03099822998046875,0.0,0.03000020980834961
518,Other,0.20785813,0.4627402,2,0.08900022506713867,11.23592664227124,0.006999969482421875,0.029999732971191406,0.0009999275207519531,0.02700018882751465
519,Other,0.20724183,0.46490937,2,0.07600116729736328,13.157692645527211,0.00800013542175293,0.029000282287597656,0.0,0.028000354766845703
520,Other,0.20268495,0.46465787,2,0.08099961280822754,12.345738026767764,0.006997346878051758,0.03300046920776367,0.0010006427764892578,0.027999401092529297
521,Other,0.20843677,0.46459684,2,0.08101201057434082,12.343848682564769,0.008001089096069336,0.033998966217041016,0.0,0.03101205825805664
522,Other,0.19869974,0.4816537,2,0.09501481056213379,10.524674985759846,0.007999897003173828,0.03301548957824707,0.0,0.03299880027770996
523,Other,0.19191454,0.49430716,2,0.08700108528137207,11.494109490311283,0.005999565124511719,0.029999494552612305,0.002000570297241211,0.0280001163482666
524,Other,0.17256388,0.52842754,2,0.08162498474121094,12.251150835377965,0.006999969482421875,0.03300023078918457,0.0,0.0306246280670166
525,Other,0.17354606,0.5287711,2,0.0875546932220459,11.421432286489974,0.006999969482421875,0.03101491928100586,0.0010001659393310547,0.027525663375854492
526,Other,0.15557723,0.5619097,2,0.08099937438964844,12.345774365978288,0.0069997310638427734,0.029999971389770508,0.0,0.02899909019470215
527,Other,0.17800723,0.51820964,2,0.07600045204162598,13.15781647525324,0.007999181747436523,0.03000020980834961,0.0010001659393310547,0.026999950408935547
528,Other,0.1779701,0.5132481,2,0.0782327651977539,12.782368071385905,0.00701594352722168,0.031000137329101562,0.0,0.028218746185302734
529,Other,0.18766807,0.5003332,2,0.07899999618530273,12.658228459333031,0.00599980354309082,0.030001163482666016,0.0020046234130859375,0.028995037078857422
530,Other,0.18738039,0.50180167,2,0.07801651954650879,12.817798151119261,0.006999492645263672,0.03000020980834961,0.0010004043579101562,0.031016111373901367
531,Other,0.18451777,0.50409067,2,0.07503962516784668,13.32629257893048,0.006999015808105469,0.029999732971191406,0.00099945068359375,0.02704143524169922
532,Other,0.17635769,0.5134957,2,0.08100056648254395,12.345592672064896,0.007998943328857422,0.03500056266784668,0.0010001659393310547,0.026999711990356445
533,Other,0.19285087,0.4824629,2,0.09199881553649902,10.869705160532924,0.008000373840332031,0.03300023078918457,0.0,0.02799820899963379
534,Other,0.19718415,0.4742601,2,0.09505200386047363,10.520556741422254,0.00800013542175293,0.03405165672302246,0.002000093460083008,0.0280001163482666
535,Other,0.19393407,0.4751416,2,0.08899855613708496,11.23613734204513,0.007999897003173828,0.03099966049194336,0.0009999275207519531,0.02700018882751465
536,Other,0.18782479,0.48749673,2,0.07600045204162598,13.15781647525324,0.006999492645263672,0.031000852584838867,0.0,0.0279996395111084
537,Other,0.19090801,0.4839539,2,0.08206343650817871,12.185694903239115,0.007000446319580078,0.031016111373901367,0.0,0.031045913696289062
538,Other,0.18409897,0.49237576,2,0.09500002861022949,10.526312619366108,0.00800013542175293,0.03099989891052246,0.0,0.031000137329101562
539,Other,0.184001,0.4949044,2,0.08700013160705566,11.494235485948398,0.006999969482421875,0.029999256134033203,0.002000570297241211,0.0260007381439209
540,Other,0.17702246,0.50611466,2,0.07905244827270508,12.649829598576469,0.007002592086791992,0.031052112579345703,0.0,0.027997255325317383
541,Other,0.19153725,0.48747194,2,0.08499979972839355,11.76473360167174,0.007001638412475586,0.03399777412414551,0.0009996891021728516,0.03200030326843262
542,Other,0.1846691,0.4999655,2,0.08899998664855957,11.235956741755135,0.0069997310638427734,0.032000064849853516,0.0,0.03200030326843262
543,Other,0.17942266,0.51032037,2,0.0900735855102539,11.102033901894144,0.008000850677490234,0.031050920486450195,0.0010006427764892578,0.026020050048828125
544,Other,0.17829718,0.51607436,2,0.07499551773071289,13.334130228831933,0.00699925422668457,0.03099989891052246,0.0,0.02700042724609375
545,Other,0.17529452,0.5236023,2,0.07701611518859863,12.984295527646125,0.0070002079010009766,0.03199911117553711,0.0,0.027016639709472656
546,Other,0.18149444,0.5137508,2,0.07706117630004883,12.976703030153024,0.0069997310638427734,0.031061649322509766,0.0010001659393310547,0.02599954605102539
547,Other,0.19322246,0.4867473,2,0.08599996566772461,11.627911618751906,0.007999658584594727,0.031999826431274414,0.0,0.03300046920776367
548,Other,0.2068804,0.4628119,2,0.09300065040588379,10.75261297244362,0.00800013542175293,0.031999826431274414,0.0010013580322265625,0.029998779296875
549,Other,0.20609786,0.46106312,2,0.09104251861572266,10.983878908500497,0.007999420166015625,0.03304290771484375,0.0009999275207519531,0.02599954605102539
550,Other,0.20894107,0.46023118,2,0.07499980926513672,13.333367241839706,0.0070002079010009766,0.029999732971191406,0.0019998550415039062,0.0279998779296875
551,Other,0.20289622,0.46716452,2,0.07800078392028809,12.82038397231927,0.006999969482421875,0.030000686645507812,0.0009996891021728516,0.02700018882751465
552,Other,0.20824763,0.46458155,2,0.08305239677429199,12.040591708842046,0.007000446319580078,0.031052589416503906,0.0,0.032000064849853516
553,Other,0.19958676,0.48091102,2,0.08752703666687012,11.425041199624095,0.00699615478515625,0.030999183654785156,0.0,0.029000282287597656
554,Other,0.2018672,0.4742603,2,0.0839998722076416,11.904780015951362,0.006999969482421875,0.03299999237060547,0.0,0.031000375747680664
555,Other,0.1970045,0.48257694,2,0.0891108512878418,11.221977857330144,0.006999969482421875,0.030110836029052734,0.0020003318786621094,0.02700066566467285
556,Other,0.19475548,0.4877325,2,0.07700014114379883,12.986989181389761,0.007999420166015625,0.03099989891052246,0.0,0.025999784469604492
557,Other,0.1838257,0.5099851,2,0.07599997520446777,13.157899029698807,0.006999969482421875,0.029999971389770508,0.0,0.026999473571777344
558,Other,0.18508898,0.5059348,2,0.08000016212463379,12.499974668077307,0.0069997310638427734,0.031000852584838867,0.0010001659393310547,0.029999256134033203
559,Other,0.17406878,0.52433735,2,0.07500004768371582,13.333324856233688,0.0070002079010009766,0.029999494552612305,0.0010001659393310547,0.026999950408935547
560,Other,0.18257047,0.50665796,2,0.0820000171661377,12.195119398254892,0.008000373840332031,0.03199934959411621,0.0,0.03099966049194336
561,Other,0.17341208,0.52121705,2,0.09200072288513184,10.869479811028846,0.006999969482421875,0.031000137329101562,0.0,0.03200054168701172
562,Other,0.17354861,0.52070457,2,0.0890190601348877,11.233549292530526,0.008014678955078125,0.03099822998046875,0.0,0.028005123138427734
563,Other,0.16865668,0.526869,2,0.07499456405639648,13.334299793355587,0.006999969482421875,0.0299990177154541,0.0010001659393310547,0.028999805450439453
564,Other,0.1698201,0.5269547,2,0.08300018310546875,12.048166191745565,0.007999897003173828,0.03200078010559082,0.0,0.03399920463562012
565,Other,0.1569792,0.5489944,2,0.09300041198730469,10.752640538157058,0.0069997310638427734,0.032001495361328125,0.0010004043579101562,0.03199958801269531
566,Other,0.15688616,0.5529392,2,0.08500027656555176,11.764667603508387,0.006997585296630859,0.029999732971191406,0.0,0.028000354766845703
567,Other,0.14727592,0.5691515,2,0.09001588821411133,11.10914994941121,0.0069997310638427734,0.03301501274108887,0.0010004043579101562,0.03500032424926758
568,Other,0.15996283,0.53946483,2,0.08501482009887695,11.762655015171996,0.006998538970947266,0.03100109100341797,0.0009996891021728516,0.026999473571777344
569,Other,0.16608298,0.53129286,2,0.07400178909301758,13.513186806105946,0.006999492645263672,0.030001401901245117,0.0009999275207519531,0.026002168655395508
570,Other,0.17943794,0.50665677,2,0.07899785041809082,12.65857228655675,0.0069997310638427734,0.0299985408782959,0.0009999275207519531,0.026000499725341797
571,Other,0.1814063,0.50256,2,0.07500028610229492,13.33328247089715,0.006999969482421875,0.030000686645507812,0.0009996891021728516,0.02700042724609375
572,Other,0.18070355,0.504184,2,0.07899880409240723,12.658419472151383,0.00699925422668457,0.030998706817626953,0.0,0.0280001163482666
573,Other,0.18099606,0.49949107,2,0.07599997520446777,13.157899029698807,0.006999969482421875,0.029999971389770508,0.0010001659393310547,0.02599930763244629
574,Other,0.17679515,0.5067332,2,0.0820002555847168,12.195083940523473,0.0070018768310546875,0.032998085021972656,0.0,0.0280001163482666
575,Other,0.1622269,0.52862227,2,0.07399988174438477,13.513535108802815,0.0069997310638427734,0.029999971389770508,0.0009999275207519531,0.02700042724609375
576,Other,0.15110481,0.54702854,2,0.08500003814697266,11.764700602497504,0.007999897003173828,0.03200030326843262,0.0009996891021728516,0.031000137329101562
577,Other,0.13617162,0.5768619,2,0.08799982070922852,11.363659515900926,0.0070002079010009766,0.031000614166259766,0.0,0.028002262115478516
578,Other,0.13151538,0.5903073,2,0.07500004768371582,13.333324856233688,0.0069997310638427734,0.029999494552612305,0.0009999275207519531,0.02700018882751465
579,Other,0.12217423,0.6136661,2,0.08099985122680664,12.345701687771165,0.0069997310638427734,0.03299999237060547,0.0009999275207519531,0.029999971389770508
580,Other,0.107112065,0.647287,2,0.09400129318237305,10.638151520531615,0.00700068473815918,0.031000375747680664,0.00099945068359375,0.031000614166259766
581,Other,0.10959548,0.6440454,2,0.08899879455566406,11.236107241593622,0.007999658584594727,0.03099989891052246,0.0,0.02699875831604004
582,Other,0.105884925,0.6523399,2,0.07899975776672363,12.658266661435526,0.006999969482421875,0.03399991989135742,0.0,0.0279998779296875
583,Other,0.119612865,0.61843216,2,0.08999991416931152,11.11112170750251,0.006999969482421875,0.031000137329101562,0.0,0.02899956703186035
584,Other,0.12578824,0.60695064,2,0.09000062942504883,11.111033404858407,0.006999015808105469,0.03200054168701172,0.0,0.027999162673950195
585,Other,0.13243777,0.59669966,2,0.0800173282623291,12.497293045346332,0.006999969482421875,0.03100109100341797,0.0,0.030016660690307617
586,Other,0.12460358,0.6146573,2,0.08899974822998047,11.235986841400297,0.0069997310638427734,0.031000614166259766,0.0,0.027999401092529297
587,Other,0.11889814,0.61926395,2,0.07800006866455078,12.820501534436172,0.006999969482421875,0.031999826431274414,0.0009999275207519531,0.0279998779296875
588,Other,0.12293805,0.6125243,2,0.07799911499023438,12.820658287279308,0.006999969482421875,0.030999183654785156,0.0009999275207519531,0.031000137329101562
589,Other,0.12949015,0.59533286,2,0.09900116920471191,10.100890807988614,0.009000062942504883,0.037001609802246094,0.0,0.029999732971191406
590,Other,0.12827872,0.60164815,2,0.0839996337890625,11.904813805631244,0.0069959163665771484,0.03199911117553711,0.002000093460083008,0.027001142501831055
591,Other,0.12653947,0.60028946,2,0.09900021553039551,10.100988110404419,0.007999897003173828,0.03300046920776367,0.0010001659393310547,0.030999183654785156
592,Other,0.114022635,0.6308852,2,0.08600020408630371,11.627879382663684,0.0070002079010009766,0.03200101852416992,0.0,0.03000020980834961
593,Other,0.11499559,0.63143927,2,0.08899855613708496,11.23613734204513,0.0070002079010009766,0.030998706817626953,0.0009999275207519531,0.026999950408935547
594,Other,0.11897698,0.62564015,2,0.07699990272521973,12.987029393641956,0.006999969482421875,0.03099989891052246,0.002000093460083008,0.026999950408935547
595,Other,0.12560128,0.6111055,2,0.0800013542175293,12.499788407092833,0.00800013542175293,0.03400063514709473,0.0010020732879638672,0.026998519897460938
596,Other,0.13730389,0.5905861,2,0.09399986267089844,10.638313414361951,0.0069997310638427734,0.030998706817626953,0.0010004043579101562,0.03100109100341797
597,Other,0.15535897,0.5585179,2,0.09202694892883301,10.866382202601628,0.007013559341430664,0.03299975395202637,0.002001047134399414,0.030012845993041992
598,Other,0.17186576,0.5319898,2,0.08899998664855957,11.235956741755135,0.007999658584594727,0.03200030326843262,0.0,0.028000593185424805
599,Other,0.1944465,0.4948524,2,0.07799935340881348,12.820619098709166,0.007999897003173828,0.03099989891052246,0.0009999275207519531,0.029000043869018555
600,Other,0.1893876,0.5033639,2,0.08000016212463379,12.499974668077307,0.0069997310638427734,0.032999515533447266,0.002000570297241211,0.02700042724609375
601,Other,0.19395705,0.49480686,2,0.09200048446655273,10.869507979205864,0.00800013542175293,0.03300046920776367,0.0,0.026999711990356445
602,Other,0.22525428,0.46318868,2,0.09201335906982422,10.867987106536903,0.00800013542175293,0.029999971389770508,0.0010018348693847656,0.031011104583740234
603,Other,0.3387427,0.3603938,2,0.09606266021728516,10.409872032880303,0.00804591178894043,0.032013654708862305,0.0,0.031000375747680664
604,Other,0.3313352,0.36590257,2,0.08599972724914551,11.627943855018865,0.007000446319580078,0.03099989891052246,0.0,0.0279996395111084
605,Other,0.30173355,0.3963203,2,0.08317327499389648,12.023092755135385,0.007999897003173828,0.03314805030822754,0.0009996891021728516,0.028024911880493164
606,Other,0.28388765,0.40948847,2,0.09104609489440918,10.983447463175123,0.008000612258911133,0.03200054168701172,0.0,0.028003931045532227
607,Other,0.21230365,0.4625979,2,0.09400033950805664,10.638259449204345,0.006999492645263672,0.031000614166259766,0.0,0.03200387954711914
608,Other,0.21351515,0.46283108,2,0.0900571346282959,11.104061928323896,0.0069997310638427734,0.031000137329101562,0.0010001659393310547,0.027045488357543945
609,Other,0.21533886,0.46528724,2,0.07501721382141113,13.330273800632458,0.006999969482421875,0.031017541885375977,0.0009999275207519531,0.026000022888183594
610,Other,0.22158265,0.4602423,2,0.07999920845031738,12.500123680861654,0.0069997310638427734,0.030999183654785156,0.0010004043579101562,0.028000593185424805
611,Other,0.29288504,0.40579063,2,0.08504796028137207,11.758071524485796,0.007999420166015625,0.032000064849853516,0.0,0.03504800796508789
612,Other,0.23021108,0.46197414,2,0.09400105476379395,10.63817850249449,0.007999897003173828,0.03200125694274902,0.0009996891021728516,0.03099966049194336
613,Other,0.23065048,0.45492017,2,0.0840003490447998,11.904712437167031,0.0069980621337890625,0.03000020980834961,0.0,0.028000593185424805
614,Other,0.23233365,0.44948173,2,0.0840616226196289,11.896034942424414,0.0069997310638427734,0.03399944305419922,0.0010001659393310547,0.029046297073364258
615,Other,0.22856157,0.45059258,2,0.09601259231567383,10.415300492170466,0.007998228073120117,0.03400015830993652,0.0009999275207519531,0.028998851776123047
616,Other,0.22396734,0.45342445,2,0.08899927139282227,11.236047041174421,0.006999969482421875,0.03199887275695801,0.0,0.029000043869018555
617,Other,0.21992463,0.45780218,2,0.0890355110168457,11.231473696049186,0.006999969482421875,0.031035423278808594,0.0009999275207519531,0.025999784469604492
618,Other,0.25177073,0.43414676,2,0.08351707458496094,11.973599470162377,0.0070002079010009766,0.03151679039001465,0.0009999275207519531,0.032000064849853516
619,Other,0.22941548,0.44978523,2,0.08699965476989746,11.49429848480281,0.0070002079010009766,0.030999183654785156,0.0009999275207519531,0.026999711990356445
620,Other,0.22363843,0.45128295,2,0.08300113677978516,12.048027759585445,0.007999897003173828,0.031000614166259766,0.0009999275207519531,0.03000020980834961
621,Other,0.2150667,0.45698035,2,0.08901715278625488,11.233789991027546,0.0070002079010009766,0.03099989891052246,0.0,0.0280001163482666
622,Other,0.21910135,0.45560378,2,0.07999801635742188,12.500309951838252,0.0070002079010009766,0.030998945236206055,0.0,0.03099822998046875
623,Other,0.21375588,0.45827317,2,0.09200167655944824,10.86936713978071,0.007999658584594727,0.031000137329101562,0.0010001659393310547,0.027001380920410156
624,Other,0.21148828,0.45773748,2,0.07799911499023438,12.820658287279308,0.007999897003173828,0.03300070762634277,0.0,0.026999950408935547
625,Other,0.20800218,0.46063128,2,0.09300065040588379,10.75261297244362,0.0069997310638427734,0.032000064849853516,0.0010001659393310547,0.02899956703186035
626,Other,0.21127582,0.46038964,2,0.09505581855773926,10.52013453960817,0.007008790969848633,0.03299903869628906,0.0009999275207519531,0.0300443172454834
627,Other,0.20550454,0.46295646,2,0.09195685386657715,10.874665214742219,0.007999897003173828,0.032000064849853516,0.0010001659393310547,0.028999805450439453
628,Other,0.20663945,0.45840615,2,0.09501409530639648,10.52475421436422,0.008000612258911133,0.03600168228149414,0.000997781753540039,0.027013778686523438
629,Other,0.2010313,0.462118,2,0.08999967575073242,11.111151142029108,0.007999420166015625,0.03200030326843262,0.0,0.028000593185424805
630,Other,0.20167103,0.46111107,2,0.0970001220703125,10.309265376750039,0.00800013542175293,0.03200054168701172,0.0,0.03199934959411621
631,Other,0.20060539,0.46533898,2,0.08801651000976562,11.361504789147489,0.00799703598022461,0.031017065048217773,0.0,0.02700018882751465
632,Other,0.20241217,0.463561,2,0.07801198959350586,12.818542447265637,0.006999969482421875,0.032011985778808594,0.0,0.0279996395111084
633,Other,0.19758251,0.46854126,2,0.07700157165527344,12.986747913105942,0.00800013542175293,0.03200101852416992,0.0,0.0260007381439209
634,Other,0.2011851,0.4690674,2,0.07901453971862793,12.655898567036097,0.007999897003173828,0.031999826431274414,0.0009999275207519531,0.028014421463012695
635,Other,0.1979392,0.47172105,2,0.10252165794372559,9.754036562195498,0.006999969482421875,0.03500056266784668,0.0,0.03652000427246094
636,Other,0.20118204,0.46864632,2,0.08999848365783691,11.111298317001385,0.00800013542175293,0.03700065612792969,0.0,0.02899956703186035
637,Other,0.19771528,0.47373876,2,0.10102987289428711,9.898062536873157,0.007999897003173828,0.03501558303833008,0.0009999275207519531,0.03801441192626953
638,Other,0.19986056,0.47530153,2,0.08005619049072266,12.491226398236941,0.007999658584594727,0.032013893127441406,0.0,0.030998706817626953
639,Other,0.19752973,0.47739047,2,0.0970001220703125,10.309265376750039,0.007999420166015625,0.03399848937988281,0.0,0.03099989891052246
640,Other,0.19845587,0.4745187,2,0.09006643295288086,11.102915561485153,0.006998777389526367,0.032015085220336914,0.0010001659393310547,0.03005075454711914
641,Other,0.19955164,0.47809744,2,0.09201574325561523,10.867705510154375,0.007999897003173828,0.032000064849853516,0.0,0.0280001163482666
642,Other,0.19969627,0.47628042,2,0.07699942588806152,12.987109818893419,0.00699925422668457,0.03200125694274902,0.002000570297241211,0.027999162673950195
643,Other,0.19941978,0.47701505,2,0.0770409107208252,12.980116546437536,0.007000446319580078,0.031000137329101562,0.0,0.02803945541381836
644,Other,0.20128182,0.4746757,2,0.07500076293945312,13.333197701032502,0.0070002079010009766,0.03199958801269531,0.0,0.027001142501831055
645,Other,0.20171614,0.47659025,2,0.08800077438354492,11.363536366641199,0.008000373840332031,0.03600049018859863,0.0010004043579101562,0.03199958801269531
646,Other,0.20221765,0.4783728,2,0.08088088035583496,12.363861466399795,0.006999492645263672,0.03099822998046875,0.0,0.027045726776123047
647,Other,0.19859418,0.47988018,2,0.07899928092956543,12.658343066332273,0.0069997310638427734,0.03000020980834961,0.0010001659393310547,0.030999183654785156
648,Other,0.19744751,0.4778704,2,0.07800173759460449,12.82022722618389,0.008000373840332031,0.03200030326843262,0.0,0.02900075912475586
649,Other,0.19552481,0.48092955,2,0.09208273887634277,10.85979861375423,0.007000446319580078,0.03202414512634277,0.0009992122650146484,0.028058767318725586
650,Other,0.19490586,0.4855965,2,0.09500002861022949,10.526312619366108,0.008001089096069336,0.03299999237060547,0.0,0.031001806259155273
651,Other,0.19219616,0.48950753,2,0.09099745750427246,10.989318025210194,0.007997274398803711,0.03300309181213379,0.0,0.026999473571777344
652,Other,0.18895976,0.4982057,2,0.08803629875183105,11.358950957478788,0.0070002079010009766,0.030036211013793945,0.0010001659393310547,0.02700018882751465
653,Other,0.18468161,0.5055928,2,0.0820009708404541,12.194977568566337,0.006999969482421875,0.03200054168701172,0.0,0.03099989891052246
654,Other,0.18298577,0.51016945,2,0.08999919891357422,11.111210011550158,0.006999969482421875,0.030001163482666016,0.0019996166229248047,0.02899956703186035
655,Other,0.18672931,0.50206727,2,0.09403538703918457,10.634294508548146,0.0069997310638427734,0.03203535079956055,0.0,0.03300046920776367
656,Other,0.1892611,0.4988587,2,0.08800101280212402,11.363505579743324,0.00699925422668457,0.03000020980834961,0.0,0.02900075912475586
657,Other,0.19096664,0.4929592,2,0.08101391792297363,12.343558065550903,0.007000446319580078,0.03299713134765625,0.0010001659393310547,0.03101325035095215
658,Other,0.19704078,0.48505157,2,0.08704066276550293,11.488883106211052,0.006999969482421875,0.030040740966796875,0.0010001659393310547,0.026999950408935547
659,Other,0.19333223,0.48607925,2,0.08000040054321289,12.499937415436333,0.007000446319580078,0.032998085021972656,0.0,0.02800130844116211
660,Other,0.19242314,0.49158362,2,0.08699893951416016,11.494392984379282,0.0069997310638427734,0.02899909019470215,0.0020003318786621094,0.028000593185424805
661,Other,0.19576138,0.49093595,2,0.07904696464538574,12.650707139560907,0.00699925422668457,0.031047344207763672,0.0019998550415039062,0.0279998779296875
662,Other,0.18315043,0.50282526,2,0.07552194595336914,13.241184232957236,0.007520914077758789,0.030999183654785156,0.0,0.028000831604003906
663,Other,0.18707529,0.48892942,2,0.07900118827819824,12.658037452279277,0.008000850677490234,0.03200054168701172,0.0,0.026999950408935547
664,Other,0.19491272,0.48176473,3,0.08499908447265625,11.764832600305178,0.006997823715209961,0.03500008583068848,0.0,0.03300046920776367
665,Other,0.19074368,0.48027873,3,0.09399843215942383,10.638475313119836,0.0069997310638427734,0.03999924659729004,0.0009996891021728516,0.0279998779296875
666,Other,0.18990274,0.48830608,2,0.08700084686279297,11.4941409889616,0.007000446319580078,0.03300046920776367,0.0010004043579101562,0.027999401092529297
667,Other,0.18707937,0.49228296,2,0.07599925994873047,13.158022863309533,0.0069997310638427734,0.029999971389770508,0.0010001659393310547,0.026999711990356445
668,Other,0.18490666,0.5010439,2,0.07999992370605469,12.500011920940324,0.00700068473815918,0.029999732971191406,0.00099945068359375,0.0279998779296875
669,Other,0.18137497,0.506691,2,0.07700085639953613,12.986868546127289,0.0070002079010009766,0.029999971389770508,0.0,0.02900075912475586
670,Other,0.1747959,0.5209571,2,0.08002042770385742,12.496808986085869,0.006996870040893555,0.03100109100341797,0.0010001659393310547,0.03001856803894043
671,Other,0.17507932,0.51826847,2,0.09199786186218262,10.869817838789013,0.007999658584594727,0.03500032424926758,0.0010020732879638672,0.03799843788146973
672,Other,0.17650402,0.51708555,2,0.07999944686889648,12.500086427332494,0.007999897003173828,0.03499913215637207,0.0,0.02700018882751465
673,Other,0.1749997,0.51213014,2,0.09599971771240234,10.416697296921411,0.007999658584594727,0.03400087356567383,0.0009999275207519531,0.029999256134033203
674,Other,0.17305252,0.5142445,2,0.08699989318847656,11.494266985289281,0.006000041961669922,0.031000375747680664,0.002000093460083008,0.026999235153198242
675,Other,0.16561101,0.52684456,2,0.07599973678588867,13.157940307310064,0.0069997310638427734,0.029999971389770508,0.0,0.026999711990356445
676,Other,0.16697405,0.5377856,2,0.0820002555847168,12.195083940523473,0.0070002079010009766,0.03099966049194336,0.0009999275207519531,0.029999971389770508
677,Other,0.15662022,0.5510492,2,0.07300138473510742,13.698370292955355,0.0070002079010009766,0.03000044822692871,0.0010004043579101562,0.026000499725341797
678,Other,0.15807185,0.5496727,2,0.07899856567382812,12.658457675406828,0.006999969482421875,0.03199887275695801,0.0,0.026999950408935547
679,Other,0.15950395,0.5448127,2,0.07600045204162598,13.15781647525324,0.0070002079010009766,0.029999732971191406,0.0009999275207519531,0.02700042724609375
